name,email,phone,workPhone,gender,dob,relationshipType,martialStatus,company,industry,website,notes,status,jobTitle
Charles Thomas,christopher.davis305@mail.org,+1-388-516-6468,+1-889-156-3453,Male,14-7-1992,'Vendor','Single',Cloud Systems,Manufacturing,https://www.mary91.net,"Contact from Cloud Systems",inactive,Software Engineer
Charles Brown,jessica.davis484@company.com,+1-870-683-4774,+1-743-104-4388,Male,14-5-1975,'Partner','Single',Data Analytics,Manufacturing,https://www.emily78.io,"Contact from Data Analytics",active,Project Manager
Charles Williams,patricia.miller348@example.com,+1-563-192-7122,+1-454-381-3690,Female,18-10-1969,'Friend','Divorce',Cloud Systems,Entertainment,https://www.sarah26.co,"Contact from Cloud Systems",active,Consultant
Linda Williams,sarah.williams193@example.com,+1-365-760-3307,+1-623-175-6755,Male,27-10-1969,'Colleague','Single',System Architects,Agriculture,https://www.joseph72.net,"Contact from System Architects",archived,Architect
Michael Brown,jessica.garcia447@business.net,+1-991-382-9829,+1-216-571-4389,Male,27-8-1984,'Colleague','Widowed',Digital Ventures,Education,https://www.sarah62.net,"Contact from Digital Ventures",archived,Developer
Richard Garcia,sarah.smith250@mail.org,+1-993-854-4283,+1-311-719-1858,Male,12-6-1984,'Colleague','Married',NextGen Tech,Real Estate,https://www.lisa59.org,"Contact from NextGen Tech",active,Data Analyst
John Johnson,sarah.johnson173@business.net,+1-255-427-3667,+1-871-522-4893,Male,21-3-1992,'Client','Single',Enterprise Solutions,Finance,https://www.jessica53.org,"Contact from Enterprise Solutions",inactive,Data Analyst
Patricia Rodriguez,robert.taylor738@mail.org,+1-207-562-3029,+1-873-397-1509,Female,3-4-1994,'Colleague','Divorce',Cloud Systems,Manufacturing,https://www.patricia8.io,"Contact from Cloud Systems",archived,Sales Executive
Mary Martin,john.taylor253@email.com,+1-826-152-1340,+1-409-726-1547,Female,23-6-2001,'Partner','Divorce',Enterprise Solutions,Energy,https://www.patricia5.org,"Contact from Enterprise Solutions",archived,Financial Analyst
Emily Johnson,richard.williams577@company.com,+1-649-951-3011,+1-512-605-9521,Male,5-6-1966,'Partner','Divorce',Enterprise Solutions,Real Estate,https://www.jane60.co,"Contact from Enterprise Solutions",inactive,Director
James Rodriguez,david.brown529@company.com,+1-124-495-7887,+1-988-983-8505,Male,17-11-1984,'Colleague','Single',Digital Transform,Consulting,https://www.christopher61.org,"Contact from Digital Transform",inactive,Marketing Manager
Emily Martinez,lisa.johnson608@email.com,+1-751-822-9572,+1-486-632-7580,Male,20-11-1999,'Vendor','Widowed',Data Analytics,Agriculture,https://www.jessica36.org,"Contact from Data Analytics",inactive,Product Manager
Mary Johnson,sarah.smith76@mail.org,+1-552-194-6096,+1-637-590-3034,Female,26-10-1974,'Partner','Widowed',Data Analytics,Agriculture,https://www.james96.net,"Contact from Data Analytics",archived,Product Manager
Patricia Garcia,charles.taylor598@company.com,+1-851-935-1728,+1-533-267-5346,Female,27-3-1985,'Vendor','Divorce',Digital Transform,Manufacturing,https://www.richard9.co,"Contact from Digital Transform",active,Consultant
Lisa Rodriguez,amanda.moore865@mail.org,+1-512-799-7154,+1-258-108-6920,Female,15-3-1966,'Partner','Divorce',Data Analytics,Agriculture,https://www.jennifer84.org,"Contact from Data Analytics",inactive,HR Manager
Charles Anderson,david.wilson890@business.net,+1-228-705-6356,+1-163-170-1312,Female,6-1-2004,'Partner','Widowed',System Architects,Construction,https://www.sarah65.net,"Contact from System Architects",active,Software Engineer
David Thomas,michael.martin169@business.net,+1-879-813-5715,+1-158-832-1144,Female,17-10-2000,'Other','Single',Digital Ventures,Telecommunications,https://www.linda65.net,"Contact from Digital Ventures",archived,Operations Manager
Joseph Gonzalez,sarah.smith54@company.com,+1-236-342-6408,+1-391-851-4751,Female,26-2-1988,'Vendor','Married',Smart Industries,Hospitality,https://www.jennifer45.co,"Contact from Smart Industries",inactive,HR Manager
Patricia Thomas,michael.taylor858@company.com,+1-706-551-3125,+1-482-715-1353,Male,14-5-1979,'Other','Divorce',Globex Inc,Manufacturing,https://www.emily7.org,"Contact from Globex Inc",inactive,Operations Manager
Robert Jones,joseph.garcia807@email.com,+1-664-888-7248,+1-669-247-2644,Male,19-2-1988,'Colleague','Married',Digital Ventures,Retail,https://www.lisa31.net,"Contact from Digital Ventures",inactive,Sales Executive
Robert Davis,robert.taylor440@company.com,+1-169-394-3058,+1-494-768-5065,Male,11-11-1965,'Friend','Divorce',Tech Solutions,Healthcare,https://www.robert35.net,"Contact from Tech Solutions",inactive,HR Manager
Jane Miller,charles.smith563@example.com,+1-162-592-6224,+1-212-310-7101,Female,7-5-1997,'Other','Single',Tech Leaders,Technology,https://www.christopher92.co,"Contact from Tech Leaders",active,Marketing Manager
James Brown,william.taylor447@business.net,+1-100-740-1474,+1-654-466-3606,Male,7-4-1970,'Client','Single',Digital Transform,Energy,https://www.christopher60.com,"Contact from Digital Transform",active,Data Analyst
Joseph Davis,william.garcia102@business.net,+1-765-844-9323,+1-599-953-1457,Male,18-12-1966,'Friend','Single',Tech Solutions,Finance,https://www.emily44.com,"Contact from Tech Solutions",active,Business Analyst
John Jackson,robert.garcia567@mail.org,+1-176-908-6688,+1-427-868-6361,Male,13-3-1980,'Colleague','Married',Digital Transform,Education,https://www.david71.org,"Contact from Digital Transform",archived,Financial Analyst
Jessica Brown,patricia.anderson497@company.com,+1-436-954-8996,+1-886-474-8316,Male,3-6-1979,'Colleague','Single',NextGen Tech,Manufacturing,https://www.joseph13.net,"Contact from NextGen Tech",inactive,Project Manager
Linda Jones,joseph.johnson876@example.com,+1-758-404-8466,+1-559-333-2373,Female,2-4-1999,'Friend','Divorce',Enterprise Solutions,Finance,https://www.richard29.net,"Contact from Enterprise Solutions",inactive,Project Manager
Robert Taylor,richard.garcia37@business.net,+1-701-704-5820,+1-547-855-4002,Male,24-6-1965,'Other','Widowed',NextGen Tech,Technology,https://www.jessica80.net,"Contact from NextGen Tech",inactive,HR Manager
Jennifer Anderson,david.brown486@mail.org,+1-201-776-5909,+1-191-753-7565,Female,12-8-1992,'Partner','Single',Data Analytics,Entertainment,https://www.amanda30.net,"Contact from Data Analytics",active,Systems Administrator
Lisa Thomas,mary.jackson289@business.net,+1-453-277-1250,+1-115-537-7254,Male,18-7-1999,'Other','Divorce',System Architects,Entertainment,https://www.james42.net,"Contact from System Architects",archived,Financial Analyst
Lisa Moore,richard.rodriguez451@company.com,+1-725-847-7309,+1-916-490-4346,Male,1-11-1982,'Other','Single',Digital Ventures,Transportation,https://www.patricia34.com,"Contact from Digital Ventures",active,Systems Administrator
James Hernandez,jennifer.smith71@example.com,+1-882-201-4981,+1-218-156-7783,Male,5-7-1971,'Partner','Divorce',Globex Inc,Healthcare,https://www.robert44.io,"Contact from Globex Inc",archived,Director
Charles Lopez,jessica.jones354@example.com,+1-370-897-8204,+1-483-785-7627,Female,1-4-1992,'Colleague','Married',Tech Leaders,Healthcare,https://www.robert48.co,"Contact from Tech Leaders",archived,Product Manager
Amanda Anderson,jessica.miller340@example.com,+1-565-572-9000,+1-547-159-7198,Female,20-6-2002,'Other','Divorce',Globex Inc,Hospitality,https://www.jessica68.co,"Contact from Globex Inc",inactive,Architect
John Hernandez,christopher.miller806@mail.org,+1-949-762-1500,+1-117-327-3821,Female,23-2-2002,'Partner','Married',Innovation Labs,Finance,https://www.richard10.com,"Contact from Innovation Labs",archived,Financial Analyst
Charles Anderson,joseph.lopez613@email.com,+1-784-406-9347,+1-159-548-2721,Male,5-3-1993,'Friend','Married',Tech Innovations,Real Estate,https://www.christopher58.io,"Contact from Tech Innovations",active,HR Manager
Joseph Thomas,john.lopez914@email.com,+1-167-478-3623,+1-426-695-2466,Female,2-5-1982,'Friend','Widowed',System Architects,Hospitality,https://www.michael60.io,"Contact from System Architects",inactive,Sales Executive
Joseph Hernandez,sarah.anderson933@business.net,+1-467-299-9458,+1-783-633-2877,Male,17-12-1998,'Vendor','Divorce',Globex Inc,Entertainment,https://www.sarah33.com,"Contact from Globex Inc",active,Data Analyst
William Jones,christopher.martinez119@email.com,+1-246-400-6677,+1-507-940-3331,Male,6-10-2002,'Colleague','Single',Digital Transform,Finance,https://www.jennifer62.net,"Contact from Digital Transform",active,Architect
James Martin,john.brown313@company.com,+1-597-585-2447,+1-839-281-1974,Female,17-3-1982,'Vendor','Divorce',Tech Leaders,Hospitality,https://www.jessica55.org,"Contact from Tech Leaders",active,Consultant
John Jones,jennifer.lopez80@company.com,+1-993-397-2125,+1-261-975-8165,Female,2-4-1989,'Friend','Widowed',Digital Ventures,Transportation,https://www.james17.net,"Contact from Digital Ventures",inactive,Business Analyst
Jessica Anderson,christopher.martinez607@company.com,+1-932-954-3760,+1-510-371-5336,Male,13-8-1990,'Client','Widowed',Cloud Systems,Finance,https://www.jessica7.io,"Contact from Cloud Systems",archived,Business Analyst
David Jackson,jennifer.davis40@mail.org,+1-997-907-2733,+1-139-281-8941,Female,12-12-1973,'Friend','Divorce',Tech Innovations,Retail,https://www.jane61.com,"Contact from Tech Innovations",inactive,Product Manager
William Martin,william.hernandez503@business.net,+1-410-181-6655,+1-542-123-2721,Female,19-12-1984,'Friend','Married',Smart Industries,Construction,https://www.richard79.io,"Contact from Smart Industries",inactive,Director
Amanda Garcia,linda.miller336@email.com,+1-398-260-5187,+1-946-202-4423,Male,9-1-1998,'Friend','Widowed',Tech Leaders,Construction,https://www.linda57.com,"Contact from Tech Leaders",archived,Project Manager
Jessica Wilson,mary.smith238@company.com,+1-486-356-8067,+1-648-927-2955,Male,4-4-1967,'Other','Single',Digital Ventures,Transportation,https://www.christopher87.net,"Contact from Digital Ventures",archived,Software Engineer
Robert Brown,david.smith391@email.com,+1-721-243-4884,+1-132-219-8634,Female,16-1-2003,'Partner','Divorce',NextGen Tech,Real Estate,https://www.joseph34.co,"Contact from NextGen Tech",active,Architect
Richard Brown,jane.martin312@example.com,+1-301-474-9983,+1-493-343-2385,Female,27-5-1983,'Colleague','Widowed',Acme Corp,Manufacturing,https://www.jennifer42.co,"Contact from Acme Corp",active,Business Analyst
Charles Moore,jennifer.anderson99@mail.org,+1-299-203-3656,+1-422-274-8257,Male,20-7-1993,'Client','Widowed',Data Analytics,Education,https://www.charles67.com,"Contact from Data Analytics",archived,HR Manager
Richard Brown,charles.lopez722@mail.org,+1-116-910-8009,+1-923-322-3881,Male,5-4-1998,'Vendor','Divorce',Enterprise Solutions,Consulting,https://www.joseph28.com,"Contact from Enterprise Solutions",inactive,Project Manager
Sarah Jones,michael.lopez89@example.com,+1-106-618-1336,+1-731-505-8155,Female,11-9-1966,'Vendor','Married',Enterprise Solutions,Hospitality,https://www.john76.com,"Contact from Enterprise Solutions",inactive,Software Engineer
David Brown,emily.taylor915@example.com,+1-836-674-8087,+1-640-233-7829,Male,4-4-1967,'Other','Married',Globex Inc,Agriculture,https://www.lisa72.com,"Contact from Globex Inc",active,Architect
Robert Williams,amanda.davis279@example.com,+1-114-409-4077,+1-505-797-6763,Female,22-10-1973,'Client','Widowed',Digital Transform,Manufacturing,https://www.christopher14.io,"Contact from Digital Transform",active,Marketing Manager
Michael Taylor,james.garcia838@example.com,+1-646-263-7387,+1-452-344-3978,Male,3-10-1968,'Other','Divorce',Innovation Labs,Hospitality,https://www.robert4.net,"Contact from Innovation Labs",active,Project Manager
David Jackson,jessica.martinez12@mail.org,+1-856-659-7196,+1-511-253-1888,Female,20-2-1968,'Friend','Divorce',Smart Industries,Telecommunications,https://www.michael54.org,"Contact from Smart Industries",active,Sales Executive
Emily Martinez,charles.taylor579@mail.org,+1-307-661-1070,+1-634-782-9048,Female,7-6-1980,'Client','Widowed',Tech Solutions,Agriculture,https://www.william15.co,"Contact from Tech Solutions",inactive,Operations Manager
Lisa Taylor,emily.anderson204@email.com,+1-965-136-5373,+1-181-816-9338,Male,2-2-1992,'Colleague','Single',Future Systems,Construction,https://www.amanda6.io,"Contact from Future Systems",active,HR Manager
Patricia Taylor,mary.thomas590@mail.org,+1-556-225-9995,+1-540-859-2014,Male,11-6-1973,'Vendor','Single',Tech Innovations,Energy,https://www.emily34.io,"Contact from Tech Innovations",archived,Operations Manager
Robert Rodriguez,david.davis762@email.com,+1-444-645-6389,+1-656-469-5728,Male,19-12-1983,'Other','Married',Digital Transform,Hospitality,https://www.sarah69.org,"Contact from Digital Transform",inactive,Consultant
Jessica Martinez,william.moore931@example.com,+1-355-231-2878,+1-536-406-1294,Male,14-7-1982,'Vendor','Widowed',Digital Ventures,Construction,https://www.james58.org,"Contact from Digital Ventures",archived,Data Analyst
Lisa Jackson,jane.brown322@company.com,+1-192-342-5269,+1-127-852-1238,Male,25-4-1981,'Client','Widowed',Tech Leaders,Agriculture,https://www.jennifer46.net,"Contact from Tech Leaders",archived,Marketing Manager
David Rodriguez,emily.williams252@email.com,+1-203-677-4236,+1-337-249-8774,Male,18-4-1992,'Client','Single',Tech Innovations,Manufacturing,https://www.charles50.org,"Contact from Tech Innovations",active,HR Manager
Patricia Martin,emily.moore466@example.com,+1-728-883-8355,+1-662-412-5801,Male,14-6-1972,'Partner','Divorce',Tech Solutions,Healthcare,https://www.sarah24.com,"Contact from Tech Solutions",active,Software Engineer
Sarah Smith,william.martin876@example.com,+1-329-692-7135,+1-455-753-3569,Male,25-6-1977,'Other','Widowed',Cloud Systems,Consulting,https://www.amanda61.net,"Contact from Cloud Systems",active,Software Engineer
Jane Miller,charles.martin392@email.com,+1-718-306-1424,+1-795-496-2546,Male,21-1-1994,'Vendor','Widowed',Tech Solutions,Healthcare,https://www.john28.io,"Contact from Tech Solutions",active,Director
Patricia Garcia,michael.jones837@mail.org,+1-642-814-3478,+1-366-864-3666,Female,13-1-1993,'Colleague','Single',Tech Leaders,Agriculture,https://www.jane83.com,"Contact from Tech Leaders",active,Financial Analyst
David Rodriguez,jennifer.williams677@example.com,+1-923-178-5968,+1-936-893-4050,Female,16-8-1994,'Partner','Single',Innovation Labs,Transportation,https://www.william14.org,"Contact from Innovation Labs",archived,Consultant
Michael Lopez,john.anderson735@business.net,+1-898-686-3521,+1-529-869-5104,Male,14-3-1991,'Vendor','Widowed',Globex Inc,Finance,https://www.david27.io,"Contact from Globex Inc",archived,Developer
James Thomas,emily.rodriguez570@business.net,+1-769-432-7292,+1-658-978-6815,Male,24-8-1976,'Vendor','Divorce',NextGen Tech,Energy,https://www.jessica14.co,"Contact from NextGen Tech",active,Director
Emily Gonzalez,joseph.williams177@company.com,+1-749-680-5551,+1-555-153-1897,Male,10-3-1977,'Vendor','Widowed',Data Analytics,Telecommunications,https://www.joseph25.org,"Contact from Data Analytics",archived,Director
Robert Anderson,sarah.wilson966@email.com,+1-427-124-2524,+1-396-928-7033,Female,10-11-1967,'Client','Divorce',Tech Solutions,Retail,https://www.sarah17.org,"Contact from Tech Solutions",active,Data Analyst
Jennifer Moore,emily.hernandez983@email.com,+1-435-921-8652,+1-222-265-2540,Male,5-5-1972,'Other','Divorce',Innovation Labs,Manufacturing,https://www.james31.com,"Contact from Innovation Labs",archived,Project Manager
Joseph Martin,david.brown351@email.com,+1-723-787-4031,+1-477-806-8048,Male,9-6-2001,'Friend','Divorce',Digital Transform,Hospitality,https://www.james22.co,"Contact from Digital Transform",inactive,Business Analyst
David Garcia,amanda.davis384@example.com,+1-283-278-5368,+1-799-278-3920,Female,10-12-1977,'Partner','Married',Smart Industries,Technology,https://www.lisa31.net,"Contact from Smart Industries",inactive,Data Analyst
Lisa Smith,william.smith503@mail.org,+1-761-454-7362,+1-545-367-6699,Male,13-3-1983,'Other','Widowed',System Architects,Telecommunications,https://www.james6.com,"Contact from System Architects",archived,Operations Manager
Linda Jones,jane.smith683@email.com,+1-682-880-4511,+1-825-393-3072,Male,3-3-1996,'Vendor','Widowed',Innovation Labs,Finance,https://www.jessica88.co,"Contact from Innovation Labs",archived,Software Engineer
Charles Gonzalez,james.thomas913@mail.org,+1-959-321-2555,+1-389-651-7566,Female,1-7-1988,'Vendor','Widowed',Tech Leaders,Telecommunications,https://www.charles59.com,"Contact from Tech Leaders",active,Software Engineer
Mary Jones,lisa.gonzalez686@company.com,+1-749-919-4032,+1-339-926-9149,Male,18-3-1973,'Colleague','Divorce',Tech Solutions,Energy,https://www.christopher35.net,"Contact from Tech Solutions",active,Architect
Michael Miller,amanda.johnson661@company.com,+1-505-895-6165,+1-630-247-5466,Male,13-2-1983,'Partner','Widowed',Innovation Labs,Healthcare,https://www.mary45.org,"Contact from Innovation Labs",archived,Business Analyst
John Smith,robert.moore979@mail.org,+1-578-918-4214,+1-419-507-8619,Male,5-7-1997,'Client','Widowed',Digital Transform,Transportation,https://www.lisa39.com,"Contact from Digital Transform",active,Financial Analyst
Mary Rodriguez,john.davis576@example.com,+1-271-474-3063,+1-354-842-4685,Male,27-5-2003,'Partner','Single',Smart Industries,Consulting,https://www.charles91.net,"Contact from Smart Industries",inactive,HR Manager
Mary Smith,sarah.johnson549@business.net,+1-911-296-7486,+1-989-862-4242,Male,5-8-1974,'Friend','Divorce',Globex Inc,Construction,https://www.emily64.com,"Contact from Globex Inc",active,Financial Analyst
Mary Rodriguez,jennifer.jackson195@company.com,+1-310-655-6934,+1-338-506-5359,Male,4-9-1977,'Friend','Single',System Architects,Retail,https://www.robert51.net,"Contact from System Architects",inactive,Architect
Richard Jackson,william.garcia552@example.com,+1-203-283-2688,+1-615-270-9801,Male,6-2-1991,'Vendor','Divorce',Acme Corp,Education,https://www.patricia37.com,"Contact from Acme Corp",inactive,Software Engineer
Amanda Wilson,amanda.martin723@mail.org,+1-783-848-9682,+1-630-817-6164,Female,28-2-1967,'Partner','Single',Innovation Labs,Hospitality,https://www.jessica75.co,"Contact from Innovation Labs",archived,Systems Administrator
Mary Rodriguez,charles.anderson25@mail.org,+1-992-960-6959,+1-509-101-5945,Female,12-2-1999,'Friend','Married',Cloud Systems,Agriculture,https://www.patricia60.org,"Contact from Cloud Systems",active,Developer
Robert Martinez,jane.brown739@email.com,+1-269-462-1435,+1-352-670-7383,Male,5-2-2000,'Other','Widowed',NextGen Tech,Healthcare,https://www.jane6.net,"Contact from NextGen Tech",active,Marketing Manager
David Brown,jennifer.moore230@company.com,+1-653-421-3994,+1-165-991-8564,Male,28-8-1997,'Client','Widowed',Tech Leaders,Entertainment,https://www.sarah92.io,"Contact from Tech Leaders",archived,Marketing Manager
Charles Jackson,emily.anderson827@email.com,+1-145-259-8975,+1-366-771-1976,Male,22-1-1981,'Partner','Divorce',Data Analytics,Hospitality,https://www.david8.co,"Contact from Data Analytics",archived,Director
Michael Smith,jane.wilson752@mail.org,+1-122-403-3107,+1-930-984-1383,Female,24-7-1975,'Colleague','Divorce',System Architects,Technology,https://www.jessica80.co,"Contact from System Architects",active,Sales Executive
David Taylor,john.garcia251@email.com,+1-177-662-3249,+1-691-288-8268,Male,16-1-1988,'Vendor','Single',Enterprise Solutions,Technology,https://www.joseph70.com,"Contact from Enterprise Solutions",inactive,Software Engineer
Joseph Smith,jennifer.thomas207@example.com,+1-296-512-5553,+1-595-146-5407,Male,7-5-1998,'Vendor','Divorce',Digital Ventures,Hospitality,https://www.christopher24.com,"Contact from Digital Ventures",active,Director
Jane Davis,michael.garcia138@business.net,+1-277-755-3157,+1-169-130-2622,Male,12-9-2002,'Colleague','Widowed',Smart Industries,Energy,https://www.james41.net,"Contact from Smart Industries",archived,Director
John Gonzalez,jennifer.anderson190@company.com,+1-843-540-7232,+1-470-413-1173,Male,5-10-1986,'Colleague','Divorce',Future Systems,Energy,https://www.jessica69.org,"Contact from Future Systems",archived,Sales Executive
Jane Moore,emily.martin692@example.com,+1-596-896-5888,+1-340-706-5422,Male,6-5-1983,'Colleague','Married',Tech Leaders,Agriculture,https://www.lisa32.co,"Contact from Tech Leaders",inactive,Product Manager
Mary Martin,john.moore543@business.net,+1-348-917-4203,+1-889-998-1169,Male,13-9-1978,'Other','Married',Tech Solutions,Real Estate,https://www.richard73.org,"Contact from Tech Solutions",inactive,Software Engineer
David Taylor,christopher.davis96@example.com,+1-589-231-4600,+1-538-621-5430,Female,19-7-1973,'Client','Divorce',Digital Transform,Telecommunications,https://www.richard72.io,"Contact from Digital Transform",active,Marketing Manager
Mary Lopez,richard.williams88@example.com,+1-505-162-7595,+1-691-237-2682,Female,28-10-2002,'Other','Single',Tech Innovations,Retail,https://www.emily42.io,"Contact from Tech Innovations",archived,Software Engineer
Emily Anderson,robert.anderson683@example.com,+1-689-817-2963,+1-183-163-9296,Female,9-10-1978,'Client','Single',Tech Solutions,Education,https://www.jane40.net,"Contact from Tech Solutions",archived,Product Manager
James Garcia,christopher.rodriguez368@email.com,+1-191-817-3505,+1-753-315-5626,Male,15-4-1970,'Client','Divorce',Innovation Labs,Manufacturing,https://www.emily57.com,"Contact from Innovation Labs",archived,Software Engineer
William Martin,john.williams693@email.com,+1-791-719-3045,+1-833-382-2790,Female,27-9-2000,'Other','Married',Globex Inc,Finance,https://www.mary13.net,"Contact from Globex Inc",inactive,Developer
Emily Martin,linda.miller135@example.com,+1-175-910-7570,+1-322-477-9549,Male,22-6-2002,'Vendor','Single',Smart Industries,Healthcare,https://www.mary0.net,"Contact from Smart Industries",active,Marketing Manager
Emily Johnson,michael.garcia525@company.com,+1-130-993-6394,+1-459-498-1391,Female,23-8-1998,'Other','Married',Enterprise Solutions,Real Estate,https://www.joseph71.org,"Contact from Enterprise Solutions",active,Sales Executive
Charles Jackson,mary.taylor558@company.com,+1-445-180-1926,+1-521-698-5990,Male,25-11-2003,'Colleague','Single',System Architects,Manufacturing,https://www.sarah34.org,"Contact from System Architects",inactive,Consultant
William Johnson,richard.gonzalez190@email.com,+1-296-420-5519,+1-272-545-2062,Male,10-10-2004,'Client','Single',Data Analytics,Agriculture,https://www.amanda36.net,"Contact from Data Analytics",inactive,Business Analyst
Michael Rodriguez,christopher.brown184@business.net,+1-500-435-5685,+1-872-549-5325,Male,27-4-1989,'Client','Married',Enterprise Solutions,Construction,https://www.jennifer44.com,"Contact from Enterprise Solutions",archived,Systems Administrator
Patricia Williams,richard.rodriguez465@mail.org,+1-397-583-3288,+1-308-804-5166,Female,27-1-2000,'Vendor','Divorce',System Architects,Hospitality,https://www.sarah34.co,"Contact from System Architects",active,Developer
Sarah Jones,christopher.smith968@mail.org,+1-666-551-7532,+1-487-112-7490,Male,27-5-1997,'Friend','Single',Cloud Systems,Agriculture,https://www.jane30.io,"Contact from Cloud Systems",active,Software Engineer
Jennifer Wilson,lisa.williams181@example.com,+1-324-926-5480,+1-292-510-6840,Female,3-12-1968,'Partner','Widowed',Enterprise Solutions,Retail,https://www.james43.com,"Contact from Enterprise Solutions",inactive,Developer
William Thomas,jennifer.gonzalez327@mail.org,+1-938-119-9651,+1-114-249-2318,Male,2-10-1995,'Partner','Divorce',Tech Leaders,Real Estate,https://www.jennifer72.com,"Contact from Tech Leaders",active,Marketing Manager
Charles Thomas,emily.rodriguez262@business.net,+1-444-639-9192,+1-194-963-2736,Male,8-1-1965,'Friend','Widowed',Globex Inc,Manufacturing,https://www.sarah98.co,"Contact from Globex Inc",archived,Data Analyst
Michael Jones,emily.davis727@mail.org,+1-596-250-5015,+1-814-495-2824,Male,20-6-1996,'Other','Married',Globex Inc,Consulting,https://www.joseph67.net,"Contact from Globex Inc",active,Sales Executive
Charles Wilson,william.wilson685@business.net,+1-144-203-6688,+1-384-915-9580,Female,18-4-1970,'Colleague','Married',Tech Solutions,Energy,https://www.david4.org,"Contact from Tech Solutions",active,Systems Administrator
Emily Taylor,christopher.anderson334@example.com,+1-976-880-3524,+1-555-674-1445,Male,22-12-1999,'Client','Single',Tech Innovations,Real Estate,https://www.lisa3.org,"Contact from Tech Innovations",inactive,Developer
Jennifer Hernandez,charles.jones365@mail.org,+1-800-508-3748,+1-163-756-4061,Male,12-4-1965,'Client','Single',Smart Industries,Energy,https://www.emily38.io,"Contact from Smart Industries",active,HR Manager
Emily Martin,john.hernandez161@business.net,+1-761-191-6292,+1-758-555-9452,Female,24-4-1976,'Client','Married',Cloud Systems,Transportation,https://www.james36.com,"Contact from Cloud Systems",archived,Operations Manager
Jane Miller,john.garcia383@email.com,+1-977-403-4841,+1-410-990-5714,Female,22-1-1976,'Client','Single',Innovation Labs,Transportation,https://www.jessica30.org,"Contact from Innovation Labs",active,Operations Manager
Sarah Jones,mary.williams913@mail.org,+1-553-763-1495,+1-580-627-3251,Male,3-5-1997,'Friend','Widowed',Innovation Labs,Consulting,https://www.john62.io,"Contact from Innovation Labs",archived,Architect
Michael Thomas,michael.anderson870@example.com,+1-319-133-3756,+1-413-248-8148,Male,23-10-1966,'Friend','Single',Smart Industries,Agriculture,https://www.robert15.io,"Contact from Smart Industries",inactive,Project Manager
Jane Garcia,jane.jackson911@example.com,+1-777-978-5221,+1-259-643-6860,Male,22-9-1984,'Partner','Married',Globex Inc,Real Estate,https://www.richard43.org,"Contact from Globex Inc",archived,Operations Manager
Robert Martin,richard.thomas730@example.com,+1-985-574-3340,+1-751-689-7929,Female,13-11-1987,'Partner','Divorce',Tech Solutions,Entertainment,https://www.jennifer47.org,"Contact from Tech Solutions",inactive,Financial Analyst
James Jones,amanda.thomas775@company.com,+1-880-998-1567,+1-619-739-1925,Male,7-5-1980,'Friend','Widowed',Tech Leaders,Real Estate,https://www.richard71.co,"Contact from Tech Leaders",inactive,Business Analyst
Robert Jackson,john.martin840@email.com,+1-366-984-1798,+1-285-967-4158,Male,19-5-1986,'Vendor','Divorce',Future Systems,Healthcare,https://www.lisa56.org,"Contact from Future Systems",active,HR Manager
Patricia Thomas,jennifer.anderson841@company.com,+1-296-161-6961,+1-363-726-7265,Female,23-2-1983,'Client','Single',Globex Inc,Construction,https://www.joseph61.io,"Contact from Globex Inc",archived,HR Manager
Richard Lopez,charles.williams456@email.com,+1-971-277-7114,+1-432-725-6860,Female,2-7-1972,'Friend','Single',Enterprise Solutions,Finance,https://www.james61.co,"Contact from Enterprise Solutions",active,Business Analyst
William Martin,emily.wilson566@business.net,+1-949-146-7737,+1-534-442-5971,Female,10-12-1994,'Friend','Divorce',Digital Transform,Energy,https://www.david23.io,"Contact from Digital Transform",active,Software Engineer
Michael Martin,jessica.jackson513@email.com,+1-384-494-1571,+1-915-363-5968,Female,9-2-1981,'Colleague','Married',Smart Industries,Transportation,https://www.jane16.com,"Contact from Smart Industries",archived,Director
David Hernandez,patricia.hernandez277@email.com,+1-383-765-6504,+1-832-409-3950,Male,24-5-1984,'Friend','Married',Future Systems,Energy,https://www.william50.org,"Contact from Future Systems",inactive,Sales Executive
Charles Garcia,mary.garcia363@business.net,+1-378-750-1963,+1-581-284-5833,Female,22-9-2003,'Friend','Single',Enterprise Solutions,Retail,https://www.sarah29.io,"Contact from Enterprise Solutions",active,Systems Administrator
William Thomas,emily.moore588@example.com,+1-911-644-8134,+1-356-396-6239,Male,5-5-1975,'Friend','Single',Tech Innovations,Real Estate,https://www.linda6.co,"Contact from Tech Innovations",active,Consultant
Patricia Moore,john.martinez283@mail.org,+1-762-741-8028,+1-373-818-8359,Female,16-1-1991,'Client','Single',Tech Leaders,Education,https://www.william71.net,"Contact from Tech Leaders",active,HR Manager
Patricia Moore,lisa.smith648@email.com,+1-708-536-5310,+1-987-632-9508,Male,7-11-1972,'Client','Widowed',Cloud Systems,Finance,https://www.william6.io,"Contact from Cloud Systems",active,Developer
James Davis,jennifer.johnson789@email.com,+1-336-536-8628,+1-603-403-9484,Female,1-3-1987,'Client','Divorce',Smart Industries,Education,https://www.sarah31.io,"Contact from Smart Industries",active,Architect
Lisa Martinez,robert.brown252@business.net,+1-704-898-3510,+1-562-983-5175,Male,1-12-1990,'Vendor','Widowed',Future Systems,Consulting,https://www.richard96.co,"Contact from Future Systems",archived,Architect
Sarah Johnson,jane.jones595@business.net,+1-718-532-4321,+1-409-635-4474,Female,14-6-1998,'Vendor','Widowed',System Architects,Hospitality,https://www.charles91.net,"Contact from System Architects",archived,Financial Analyst
Christopher Thomas,william.brown713@mail.org,+1-819-222-9791,+1-535-699-4111,Female,20-9-2001,'Friend','Single',Tech Innovations,Retail,https://www.amanda30.org,"Contact from Tech Innovations",inactive,Developer
James Gonzalez,lisa.martinez674@mail.org,+1-873-350-7203,+1-259-477-1374,Female,20-10-1974,'Client','Single',Cloud Systems,Finance,https://www.robert22.net,"Contact from Cloud Systems",archived,Operations Manager
John Jackson,jessica.taylor135@company.com,+1-850-139-6966,+1-490-150-4396,Female,6-7-1972,'Client','Divorce',Globex Inc,Consulting,https://www.david96.io,"Contact from Globex Inc",active,HR Manager
Richard Wilson,linda.hernandez625@company.com,+1-230-199-9706,+1-853-511-2479,Female,13-4-1969,'Colleague','Married',Digital Ventures,Energy,https://www.mary88.io,"Contact from Digital Ventures",active,Financial Analyst
Charles Jackson,lisa.brown516@business.net,+1-663-560-5378,+1-918-196-4813,Female,24-1-1981,'Client','Single',Globex Inc,Real Estate,https://www.jessica53.org,"Contact from Globex Inc",archived,Consultant
James Anderson,richard.martin670@email.com,+1-204-644-8393,+1-211-862-4136,Male,9-3-1990,'Friend','Widowed',Smart Industries,Healthcare,https://www.james71.com,"Contact from Smart Industries",archived,Project Manager
Jessica Jones,james.jones758@business.net,+1-916-778-1267,+1-274-470-7839,Female,25-3-1968,'Vendor','Single',Tech Innovations,Real Estate,https://www.lisa86.com,"Contact from Tech Innovations",archived,Architect
Joseph Smith,john.thomas712@company.com,+1-319-151-8661,+1-662-742-3470,Female,8-9-1997,'Other','Divorce',Globex Inc,Hospitality,https://www.jessica56.com,"Contact from Globex Inc",archived,Developer
Jane Hernandez,amanda.smith808@email.com,+1-195-365-9219,+1-142-333-7898,Male,25-6-1996,'Client','Widowed',System Architects,Consulting,https://www.jennifer30.org,"Contact from System Architects",archived,HR Manager
Emily Gonzalez,christopher.taylor197@business.net,+1-385-460-4346,+1-757-265-7955,Female,21-9-2002,'Vendor','Divorce',Tech Leaders,Entertainment,https://www.william84.org,"Contact from Tech Leaders",active,Software Engineer
Lisa Moore,john.moore921@company.com,+1-564-350-3105,+1-457-229-1164,Female,22-4-1975,'Client','Widowed',Enterprise Solutions,Real Estate,https://www.sarah85.net,"Contact from Enterprise Solutions",active,Operations Manager
William Martin,joseph.thomas971@email.com,+1-120-537-2974,+1-854-178-8940,Female,2-10-1968,'Partner','Divorce',Enterprise Solutions,Healthcare,https://www.christopher24.io,"Contact from Enterprise Solutions",inactive,Systems Administrator
David Hernandez,christopher.wilson353@email.com,+1-530-370-7794,+1-620-142-9232,Female,28-8-1983,'Friend','Divorce',Future Systems,Manufacturing,https://www.david69.co,"Contact from Future Systems",archived,Operations Manager
Michael Hernandez,robert.gonzalez183@mail.org,+1-525-355-6304,+1-796-511-9292,Female,10-8-1966,'Other','Single',Digital Ventures,Finance,https://www.patricia36.org,"Contact from Digital Ventures",inactive,Operations Manager
Jane Williams,richard.johnson248@example.com,+1-536-569-6383,+1-454-262-2794,Female,26-8-1973,'Partner','Divorce',Data Analytics,Hospitality,https://www.christopher20.net,"Contact from Data Analytics",inactive,Software Engineer
Michael Davis,sarah.miller782@business.net,+1-192-793-3679,+1-416-197-3874,Male,14-3-1986,'Vendor','Widowed',Future Systems,Technology,https://www.jessica52.net,"Contact from Future Systems",inactive,Product Manager
James Anderson,mary.wilson134@mail.org,+1-105-800-4136,+1-154-385-8790,Female,4-12-1992,'Vendor','Single',Digital Transform,Entertainment,https://www.james34.co,"Contact from Digital Transform",archived,Operations Manager
Patricia Garcia,amanda.wilson788@example.com,+1-241-764-3764,+1-632-247-4058,Female,26-9-1965,'Vendor','Married',Digital Ventures,Transportation,https://www.michael75.io,"Contact from Digital Ventures",active,Director
William Davis,christopher.moore601@business.net,+1-238-847-5144,+1-383-574-2982,Male,19-4-1996,'Partner','Widowed',Digital Transform,Transportation,https://www.patricia23.co,"Contact from Digital Transform",inactive,Product Manager
Lisa Martin,patricia.wilson272@mail.org,+1-895-493-4236,+1-815-490-7810,Female,8-3-1997,'Vendor','Divorce',NextGen Tech,Healthcare,https://www.linda8.io,"Contact from NextGen Tech",inactive,Architect
Richard Brown,joseph.taylor393@mail.org,+1-191-420-6629,+1-386-299-8809,Female,14-1-1993,'Colleague','Single',Tech Leaders,Healthcare,https://www.lisa43.org,"Contact from Tech Leaders",active,Consultant
Patricia Wilson,lisa.smith427@example.com,+1-565-579-6496,+1-995-368-3864,Male,12-5-1988,'Partner','Widowed',NextGen Tech,Finance,https://www.jessica41.io,"Contact from NextGen Tech",active,Architect
Michael Miller,michael.williams685@mail.org,+1-312-362-3204,+1-346-493-1933,Female,23-3-1965,'Other','Widowed',Tech Solutions,Retail,https://www.christopher68.io,"Contact from Tech Solutions",active,Systems Administrator
Linda Thomas,david.gonzalez194@email.com,+1-448-147-5687,+1-572-560-9014,Female,19-1-1977,'Other','Divorce',Enterprise Solutions,Manufacturing,https://www.patricia4.co,"Contact from Enterprise Solutions",inactive,Director
Richard Smith,amanda.brown612@company.com,+1-576-448-3978,+1-466-618-6560,Female,5-2-2001,'Colleague','Divorce',Tech Leaders,Education,https://www.joseph67.co,"Contact from Tech Leaders",inactive,Director
James Brown,emily.jackson153@example.com,+1-959-829-6077,+1-559-675-2922,Male,21-5-1971,'Colleague','Widowed',Cloud Systems,Agriculture,https://www.william27.com,"Contact from Cloud Systems",active,HR Manager
Michael Martin,lisa.johnson278@email.com,+1-694-361-5389,+1-312-518-2799,Male,13-1-1995,'Colleague','Divorce',Digital Transform,Finance,https://www.mary54.co,"Contact from Digital Transform",active,Business Analyst
Emily Davis,linda.jackson478@company.com,+1-803-354-2431,+1-460-236-6040,Male,2-3-1969,'Partner','Married',System Architects,Real Estate,https://www.joseph61.io,"Contact from System Architects",archived,Architect
William Jackson,james.martin549@example.com,+1-863-691-5581,+1-853-815-6334,Female,7-12-1987,'Partner','Widowed',Tech Innovations,Construction,https://www.robert64.org,"Contact from Tech Innovations",active,Developer
Jessica Brown,william.johnson321@business.net,+1-316-508-7352,+1-750-214-6516,Female,20-12-1967,'Partner','Single',System Architects,Entertainment,https://www.richard3.net,"Contact from System Architects",inactive,Financial Analyst
Richard Miller,david.moore603@email.com,+1-838-817-6490,+1-849-209-9724,Male,14-2-1998,'Friend','Widowed',System Architects,Agriculture,https://www.patricia69.co,"Contact from System Architects",inactive,Financial Analyst
Michael Hernandez,sarah.williams728@email.com,+1-486-196-7278,+1-368-819-6186,Female,24-11-2004,'Colleague','Single',Digital Transform,Consulting,https://www.christopher45.org,"Contact from Digital Transform",inactive,Operations Manager
Emily Martin,michael.gonzalez238@email.com,+1-639-598-8248,+1-800-949-2009,Female,14-11-1972,'Other','Single',Digital Transform,Construction,https://www.emily76.co,"Contact from Digital Transform",active,Project Manager
Emily Gonzalez,michael.davis761@company.com,+1-790-355-8069,+1-889-118-3722,Male,8-4-1996,'Other','Widowed',Acme Corp,Retail,https://www.john66.net,"Contact from Acme Corp",active,Business Analyst
James Hernandez,emily.williams256@mail.org,+1-886-793-4978,+1-694-822-2768,Male,1-5-1988,'Colleague','Single',Innovation Labs,Energy,https://www.jennifer27.org,"Contact from Innovation Labs",archived,Marketing Manager
Joseph Jones,christopher.davis926@email.com,+1-756-448-4552,+1-444-571-1545,Female,1-1-1993,'Friend','Single',Tech Leaders,Telecommunications,https://www.sarah68.io,"Contact from Tech Leaders",active,Director
Sarah Martin,jessica.martinez606@example.com,+1-554-651-1122,+1-244-899-1297,Female,2-9-1980,'Vendor','Divorce',Innovation Labs,Finance,https://www.jane26.com,"Contact from Innovation Labs",active,Project Manager
Jessica Smith,jessica.johnson620@business.net,+1-483-609-5326,+1-731-528-6521,Male,26-4-1978,'Partner','Widowed',Data Analytics,Manufacturing,https://www.mary23.co,"Contact from Data Analytics",inactive,Software Engineer
William Jones,david.garcia219@business.net,+1-441-569-3095,+1-514-909-7278,Male,1-12-1973,'Vendor','Single',Globex Inc,Healthcare,https://www.william20.com,"Contact from Globex Inc",active,HR Manager
Christopher Johnson,mary.brown499@example.com,+1-742-348-8055,+1-472-402-7536,Female,6-9-2001,'Vendor','Widowed',Tech Leaders,Transportation,https://www.richard99.co,"Contact from Tech Leaders",inactive,Consultant
William Martinez,patricia.rodriguez65@company.com,+1-338-440-7932,+1-644-294-1753,Male,10-8-1972,'Vendor','Single',Tech Solutions,Technology,https://www.christopher91.io,"Contact from Tech Solutions",active,Consultant
Emily Davis,david.johnson184@email.com,+1-989-650-4336,+1-881-524-3204,Female,10-8-1972,'Other','Widowed',Acme Corp,Education,https://www.jane56.org,"Contact from Acme Corp",inactive,Operations Manager
John Martin,richard.williams531@business.net,+1-956-333-1101,+1-213-998-6145,Male,22-4-1997,'Vendor','Single',NextGen Tech,Technology,https://www.lisa82.net,"Contact from NextGen Tech",active,Business Analyst
John Johnson,joseph.jackson771@business.net,+1-415-407-7216,+1-403-917-1672,Male,25-12-1999,'Friend','Married',Innovation Labs,Retail,https://www.jennifer29.net,"Contact from Innovation Labs",inactive,Sales Executive
Lisa Thomas,amanda.hernandez209@example.com,+1-465-241-4083,+1-922-619-5978,Female,25-12-1965,'Friend','Widowed',Enterprise Solutions,Energy,https://www.amanda71.org,"Contact from Enterprise Solutions",archived,Sales Executive
James Gonzalez,sarah.martinez85@company.com,+1-889-213-8291,+1-354-374-9642,Male,15-7-1987,'Friend','Divorce',Cloud Systems,Retail,https://www.mary50.org,"Contact from Cloud Systems",inactive,Financial Analyst
John Wilson,william.hernandez207@company.com,+1-454-148-5670,+1-674-848-5941,Male,3-1-1981,'Other','Widowed',Smart Industries,Technology,https://www.charles76.co,"Contact from Smart Industries",active,Sales Executive
William Taylor,emily.thomas944@example.com,+1-482-319-1050,+1-202-180-6119,Female,12-8-1979,'Client','Widowed',NextGen Tech,Manufacturing,https://www.william57.co,"Contact from NextGen Tech",archived,HR Manager
Amanda Moore,mary.brown887@example.com,+1-882-847-5239,+1-876-580-2078,Male,3-9-1994,'Vendor','Single',Cloud Systems,Real Estate,https://www.david32.org,"Contact from Cloud Systems",active,Marketing Manager
Lisa Wilson,mary.rodriguez814@mail.org,+1-201-348-3842,+1-226-837-4046,Female,2-8-1995,'Client','Widowed',Digital Ventures,Retail,https://www.linda21.com,"Contact from Digital Ventures",inactive,Consultant
Christopher Davis,james.anderson75@mail.org,+1-432-251-7277,+1-888-969-1738,Female,14-4-1979,'Client','Widowed',Data Analytics,Healthcare,https://www.michael36.io,"Contact from Data Analytics",active,Financial Analyst
John Williams,jane.thomas805@mail.org,+1-835-322-1278,+1-650-788-5803,Male,15-5-1965,'Client','Widowed',Acme Corp,Healthcare,https://www.robert96.net,"Contact from Acme Corp",inactive,Project Manager
Joseph Anderson,christopher.hernandez113@email.com,+1-255-133-5397,+1-445-123-5958,Male,8-5-1969,'Partner','Divorce',Innovation Labs,Energy,https://www.jennifer33.net,"Contact from Innovation Labs",archived,Software Engineer
Jane Rodriguez,john.martinez407@example.com,+1-152-367-8565,+1-982-679-6226,Female,24-6-1991,'Other','Widowed',Enterprise Solutions,Real Estate,https://www.christopher65.com,"Contact from Enterprise Solutions",active,Business Analyst
Patricia Jones,charles.garcia403@company.com,+1-580-369-1859,+1-278-712-7573,Female,9-11-1979,'Client','Divorce',Acme Corp,Technology,https://www.james79.net,"Contact from Acme Corp",archived,Software Engineer
Patricia Johnson,jane.rodriguez810@mail.org,+1-219-236-3522,+1-817-936-5803,Female,5-2-1990,'Colleague','Married',NextGen Tech,Entertainment,https://www.john37.net,"Contact from NextGen Tech",inactive,Director
Christopher Martinez,jessica.gonzalez267@mail.org,+1-823-517-2514,+1-343-512-2024,Male,13-1-1999,'Other','Divorce',Cloud Systems,Manufacturing,https://www.emily21.io,"Contact from Cloud Systems",archived,Operations Manager
David Martin,james.wilson642@company.com,+1-813-283-4366,+1-229-623-6080,Male,24-7-1989,'Client','Single',Cloud Systems,Transportation,https://www.john44.com,"Contact from Cloud Systems",archived,HR Manager
Jennifer Taylor,michael.brown490@example.com,+1-477-263-8021,+1-524-290-4626,Female,8-5-1975,'Friend','Single',Innovation Labs,Agriculture,https://www.john12.com,"Contact from Innovation Labs",archived,Operations Manager
Christopher Jackson,emily.martinez839@mail.org,+1-736-266-8675,+1-907-605-5714,Male,9-3-1986,'Partner','Widowed',Innovation Labs,Construction,https://www.robert28.com,"Contact from Innovation Labs",archived,Sales Executive
Sarah Wilson,robert.smith276@example.com,+1-697-357-5470,+1-239-503-2432,Female,19-2-1994,'Friend','Single',NextGen Tech,Finance,https://www.patricia44.com,"Contact from NextGen Tech",active,Project Manager
Jane Martinez,emily.wilson464@mail.org,+1-870-479-7139,+1-121-202-3764,Male,1-2-1974,'Vendor','Single',System Architects,Healthcare,https://www.david50.org,"Contact from System Architects",active,Financial Analyst
Jessica Rodriguez,michael.wilson400@company.com,+1-612-787-1365,+1-122-232-2866,Female,27-4-1992,'Friend','Married',Smart Industries,Construction,https://www.john19.io,"Contact from Smart Industries",active,Project Manager
David Thomas,jane.moore257@business.net,+1-535-889-2813,+1-921-128-8695,Female,23-9-2000,'Friend','Widowed',Globex Inc,Retail,https://www.amanda58.io,"Contact from Globex Inc",archived,Data Analyst
Charles Jackson,jane.davis621@email.com,+1-948-796-6277,+1-817-282-4736,Female,7-6-1970,'Friend','Divorce',Enterprise Solutions,Manufacturing,https://www.emily51.co,"Contact from Enterprise Solutions",inactive,Consultant
William Jones,christopher.miller953@business.net,+1-416-449-6214,+1-744-513-8747,Female,9-2-1998,'Friend','Married',Cloud Systems,Manufacturing,https://www.jessica9.com,"Contact from Cloud Systems",archived,Developer
Sarah Martinez,james.jones938@example.com,+1-669-378-6713,+1-357-436-8322,Male,5-5-1993,'Friend','Married',Innovation Labs,Healthcare,https://www.robert55.org,"Contact from Innovation Labs",active,Product Manager
Robert Davis,jane.anderson679@mail.org,+1-882-724-5001,+1-319-373-2116,Male,20-11-1994,'Friend','Single',Globex Inc,Finance,https://www.patricia37.com,"Contact from Globex Inc",archived,Consultant
Jessica Lopez,michael.lopez940@email.com,+1-152-413-3710,+1-275-188-9624,Female,27-7-1996,'Partner','Married',Acme Corp,Real Estate,https://www.jennifer77.net,"Contact from Acme Corp",active,Systems Administrator
William Martin,amanda.thomas132@email.com,+1-850-930-4475,+1-508-823-9252,Male,11-7-2000,'Colleague','Married',Tech Leaders,Retail,https://www.patricia91.com,"Contact from Tech Leaders",archived,Software Engineer
Patricia Davis,emily.brown797@example.com,+1-542-494-7845,+1-790-831-1390,Male,25-2-1982,'Other','Widowed',Tech Leaders,Entertainment,https://www.jane35.org,"Contact from Tech Leaders",inactive,Marketing Manager
Emily Anderson,jane.gonzalez843@mail.org,+1-896-408-1731,+1-981-200-4785,Male,25-6-1988,'Other','Single',Digital Ventures,Education,https://www.amanda68.co,"Contact from Digital Ventures",inactive,HR Manager
Richard Davis,david.garcia158@business.net,+1-158-247-3201,+1-186-691-4605,Female,23-3-1967,'Vendor','Married',Digital Transform,Construction,https://www.patricia17.net,"Contact from Digital Transform",active,Financial Analyst
Emily Lopez,jane.martinez167@company.com,+1-531-809-8604,+1-611-507-4027,Female,2-1-1987,'Colleague','Married',Innovation Labs,Construction,https://www.sarah41.org,"Contact from Innovation Labs",active,Project Manager
Christopher Jackson,mary.anderson593@mail.org,+1-328-987-3231,+1-223-234-4878,Male,19-6-1978,'Partner','Divorce',Enterprise Solutions,Technology,https://www.sarah90.net,"Contact from Enterprise Solutions",active,Financial Analyst
Charles Jones,joseph.gonzalez460@company.com,+1-268-263-8288,+1-378-588-5407,Male,26-10-1966,'Vendor','Divorce',Acme Corp,Healthcare,https://www.christopher21.org,"Contact from Acme Corp",active,Architect
David Garcia,michael.rodriguez875@company.com,+1-439-145-3120,+1-564-371-7833,Female,17-2-1972,'Colleague','Single',Globex Inc,Healthcare,https://www.william98.com,"Contact from Globex Inc",inactive,Marketing Manager
David Taylor,sarah.miller826@example.com,+1-202-507-8133,+1-399-959-4991,Male,26-2-1966,'Vendor','Divorce',Innovation Labs,Energy,https://www.charles74.com,"Contact from Innovation Labs",archived,Consultant
Patricia Jackson,joseph.smith323@example.com,+1-995-448-3995,+1-670-548-2438,Female,10-7-1999,'Friend','Widowed',System Architects,Retail,https://www.jane72.org,"Contact from System Architects",archived,Project Manager
Robert Jones,patricia.johnson480@email.com,+1-807-747-8435,+1-690-864-4694,Male,14-11-1976,'Colleague','Widowed',Tech Innovations,Telecommunications,https://www.sarah20.co,"Contact from Tech Innovations",archived,Systems Administrator
Linda Lopez,james.garcia951@company.com,+1-940-351-9033,+1-992-299-8955,Male,13-1-1981,'Other','Married',Tech Solutions,Transportation,https://www.christopher80.co,"Contact from Tech Solutions",archived,Developer
Charles Johnson,jane.taylor256@mail.org,+1-963-153-2279,+1-780-480-9245,Female,8-6-2003,'Partner','Married',NextGen Tech,Education,https://www.jane78.com,"Contact from NextGen Tech",inactive,Financial Analyst
William Martin,william.martinez590@mail.org,+1-840-266-8769,+1-646-429-9428,Female,14-11-1977,'Colleague','Divorce',Digital Ventures,Manufacturing,https://www.sarah91.org,"Contact from Digital Ventures",archived,Sales Executive
Charles Martinez,sarah.thomas673@business.net,+1-137-641-5711,+1-940-897-7650,Female,5-1-1978,'Friend','Widowed',Enterprise Solutions,Technology,https://www.robert92.net,"Contact from Enterprise Solutions",active,Software Engineer
David Wilson,john.thomas76@example.com,+1-251-808-8458,+1-999-954-2406,Male,2-12-2001,'Partner','Widowed',Smart Industries,Retail,https://www.richard0.net,"Contact from Smart Industries",inactive,Financial Analyst
Charles Johnson,robert.martin630@example.com,+1-421-277-5821,+1-838-472-7470,Female,28-11-1982,'Other','Divorce',NextGen Tech,Real Estate,https://www.jane61.io,"Contact from NextGen Tech",archived,Business Analyst
Richard Thomas,michael.johnson292@company.com,+1-696-132-6455,+1-551-840-4397,Male,6-8-1992,'Colleague','Single',Cloud Systems,Technology,https://www.jessica21.co,"Contact from Cloud Systems",active,Business Analyst
Sarah Gonzalez,sarah.thomas45@mail.org,+1-457-344-7901,+1-749-236-4103,Female,12-1-1989,'Vendor','Divorce',Digital Ventures,Real Estate,https://www.michael31.com,"Contact from Digital Ventures",active,Marketing Manager
Richard Hernandez,david.brown192@email.com,+1-318-990-5666,+1-320-888-6126,Male,11-11-1971,'Partner','Single',Innovation Labs,Consulting,https://www.christopher89.io,"Contact from Innovation Labs",active,Systems Administrator
Mary Garcia,lisa.moore557@company.com,+1-215-225-6208,+1-767-328-6175,Female,9-11-1993,'Partner','Widowed',Digital Ventures,Transportation,https://www.sarah15.io,"Contact from Digital Ventures",active,Architect
James Wilson,john.brown293@mail.org,+1-776-164-8663,+1-566-454-6094,Female,27-8-1982,'Vendor','Divorce',Smart Industries,Finance,https://www.patricia1.io,"Contact from Smart Industries",active,Consultant
Christopher Thomas,patricia.rodriguez155@mail.org,+1-591-787-7844,+1-346-949-4614,Male,21-9-1972,'Friend','Married',Data Analytics,Construction,https://www.robert80.com,"Contact from Data Analytics",inactive,Director
James Brown,james.williams832@company.com,+1-784-217-3530,+1-262-261-7990,Male,22-11-2003,'Other','Divorce',Acme Corp,Hospitality,https://www.lisa42.io,"Contact from Acme Corp",archived,Director
Joseph Hernandez,jennifer.wilson500@business.net,+1-441-423-5970,+1-625-266-1205,Female,17-3-1987,'Partner','Married',Cloud Systems,Consulting,https://www.lisa39.co,"Contact from Cloud Systems",active,Marketing Manager
David Anderson,jennifer.moore300@example.com,+1-950-230-9398,+1-784-487-7375,Male,11-6-1967,'Friend','Married',Acme Corp,Technology,https://www.jessica75.io,"Contact from Acme Corp",archived,Financial Analyst
Emily Hernandez,david.wilson299@company.com,+1-146-728-5680,+1-297-738-1051,Female,26-8-1990,'Other','Single',Acme Corp,Technology,https://www.charles21.org,"Contact from Acme Corp",archived,Marketing Manager
Christopher Lopez,jane.johnson973@email.com,+1-419-425-3772,+1-743-432-7016,Male,9-7-1980,'Other','Widowed',Smart Industries,Hospitality,https://www.john66.com,"Contact from Smart Industries",archived,Consultant
Patricia Gonzalez,james.anderson784@email.com,+1-276-119-1527,+1-674-516-3516,Male,26-10-1976,'Other','Single',Future Systems,Entertainment,https://www.david96.org,"Contact from Future Systems",inactive,Sales Executive
Amanda Lopez,john.jackson44@business.net,+1-385-879-2497,+1-943-428-8091,Female,16-3-1977,'Partner','Married',Data Analytics,Healthcare,https://www.charles15.org,"Contact from Data Analytics",archived,Systems Administrator
Richard Lopez,amanda.lopez580@business.net,+1-247-169-9788,+1-593-726-4720,Female,16-2-2002,'Vendor','Single',Data Analytics,Energy,https://www.jennifer64.co,"Contact from Data Analytics",inactive,Operations Manager
Emily Anderson,joseph.moore55@email.com,+1-719-499-4662,+1-892-853-4310,Male,14-9-1992,'Other','Divorce',System Architects,Energy,https://www.christopher50.io,"Contact from System Architects",archived,Product Manager
David Anderson,patricia.smith851@mail.org,+1-140-400-4977,+1-531-116-3342,Female,26-8-1990,'Friend','Married',Globex Inc,Healthcare,https://www.sarah37.org,"Contact from Globex Inc",active,Product Manager
Richard Anderson,lisa.anderson161@example.com,+1-871-476-8711,+1-565-262-9969,Male,26-9-1980,'Client','Widowed',System Architects,Healthcare,https://www.christopher40.com,"Contact from System Architects",inactive,Director
David Johnson,christopher.gonzalez245@email.com,+1-817-781-7897,+1-378-637-3620,Female,8-5-1984,'Colleague','Married',Data Analytics,Entertainment,https://www.jane39.io,"Contact from Data Analytics",archived,Software Engineer
Patricia Martin,jessica.williams464@mail.org,+1-681-346-4177,+1-549-314-2386,Male,6-10-1971,'Partner','Widowed',Tech Leaders,Telecommunications,https://www.jennifer15.co,"Contact from Tech Leaders",inactive,Business Analyst
David Rodriguez,jennifer.thomas589@business.net,+1-187-357-9984,+1-132-500-6570,Female,1-7-1998,'Partner','Single',NextGen Tech,Agriculture,https://www.amanda5.com,"Contact from NextGen Tech",archived,HR Manager
Patricia Hernandez,joseph.taylor32@email.com,+1-664-835-5503,+1-958-810-2083,Female,3-5-2004,'Friend','Single',Innovation Labs,Consulting,https://www.jennifer19.com,"Contact from Innovation Labs",active,Software Engineer
William Wilson,michael.lopez582@business.net,+1-350-288-9729,+1-928-547-7688,Female,15-4-1996,'Vendor','Single',NextGen Tech,Construction,https://www.patricia20.co,"Contact from NextGen Tech",archived,HR Manager
Emily Moore,emily.gonzalez454@email.com,+1-992-885-3080,+1-793-919-4798,Female,17-10-1966,'Friend','Single',Tech Solutions,Manufacturing,https://www.james24.io,"Contact from Tech Solutions",inactive,Systems Administrator
Linda Davis,david.wilson872@example.com,+1-858-161-3637,+1-658-123-3179,Male,2-3-1976,'Vendor','Single',System Architects,Healthcare,https://www.james54.com,"Contact from System Architects",active,Business Analyst
Michael Brown,william.martin242@email.com,+1-789-245-5479,+1-780-945-9364,Male,20-8-1986,'Friend','Divorce',Smart Industries,Energy,https://www.william90.org,"Contact from Smart Industries",inactive,HR Manager
Lisa Smith,joseph.martinez825@company.com,+1-444-453-7520,+1-736-629-6988,Female,9-9-1987,'Partner','Married',Enterprise Solutions,Energy,https://www.michael55.io,"Contact from Enterprise Solutions",archived,Developer
Linda Anderson,david.brown522@company.com,+1-105-178-4908,+1-428-485-4471,Male,14-3-1988,'Friend','Divorce',Tech Leaders,Real Estate,https://www.emily61.co,"Contact from Tech Leaders",inactive,Product Manager
Charles Garcia,jane.smith572@example.com,+1-740-173-1202,+1-388-967-2799,Female,7-5-1984,'Vendor','Widowed',Smart Industries,Telecommunications,https://www.lisa69.io,"Contact from Smart Industries",active,Financial Analyst
Mary Thomas,lisa.wilson203@example.com,+1-138-238-3176,+1-895-174-8002,Female,23-1-1994,'Other','Divorce',Innovation Labs,Healthcare,https://www.christopher81.org,"Contact from Innovation Labs",active,Consultant
Emily Smith,sarah.wilson95@example.com,+1-590-580-6566,+1-486-791-2944,Male,19-6-2004,'Other','Divorce',NextGen Tech,Retail,https://www.christopher47.org,"Contact from NextGen Tech",inactive,Project Manager
Jessica Anderson,jessica.rodriguez762@email.com,+1-947-548-9219,+1-945-813-7835,Male,25-3-1978,'Colleague','Widowed',Enterprise Solutions,Consulting,https://www.john66.org,"Contact from Enterprise Solutions",active,Architect
Jennifer Hernandez,lisa.lopez451@email.com,+1-302-135-2991,+1-632-823-8944,Male,21-7-1986,'Vendor','Divorce',System Architects,Technology,https://www.charles80.io,"Contact from System Architects",archived,Consultant
Mary Taylor,john.martin779@mail.org,+1-888-738-5168,+1-203-530-7638,Female,7-5-1986,'Friend','Married',Future Systems,Hospitality,https://www.emily71.co,"Contact from Future Systems",archived,Financial Analyst
Richard Lopez,david.martin649@company.com,+1-199-511-2955,+1-460-500-2641,Male,22-4-1990,'Other','Widowed',Digital Transform,Real Estate,https://www.amanda83.io,"Contact from Digital Transform",inactive,Developer
Michael Jackson,jessica.davis918@business.net,+1-684-709-1221,+1-467-640-3288,Female,17-4-1999,'Friend','Married',Tech Solutions,Hospitality,https://www.mary91.co,"Contact from Tech Solutions",active,Consultant
James Johnson,robert.brown6@mail.org,+1-265-229-6552,+1-204-187-5957,Female,14-3-1986,'Colleague','Single',System Architects,Finance,https://www.william86.com,"Contact from System Architects",archived,Data Analyst
Linda Davis,david.johnson897@example.com,+1-381-607-9549,+1-319-872-5586,Female,10-12-1989,'Vendor','Divorce',System Architects,Energy,https://www.emily69.co,"Contact from System Architects",archived,Sales Executive
Jessica Moore,richard.martin954@email.com,+1-450-535-4984,+1-836-799-1664,Male,23-9-1988,'Vendor','Single',Future Systems,Healthcare,https://www.patricia10.net,"Contact from Future Systems",active,Director
Michael Garcia,james.martinez525@mail.org,+1-762-670-9852,+1-846-768-5129,Male,27-8-2000,'Partner','Widowed',Acme Corp,Entertainment,https://www.sarah29.com,"Contact from Acme Corp",active,Marketing Manager
Charles Smith,michael.rodriguez278@business.net,+1-233-294-1514,+1-147-623-7326,Female,13-1-1992,'Partner','Widowed',Acme Corp,Construction,https://www.jessica87.org,"Contact from Acme Corp",active,Project Manager
Jane Wilson,mary.anderson936@example.com,+1-493-617-2389,+1-880-626-6421,Male,24-7-1991,'Partner','Widowed',System Architects,Technology,https://www.richard26.org,"Contact from System Architects",active,Software Engineer
Patricia Anderson,robert.martinez405@mail.org,+1-276-143-8829,+1-488-241-1315,Male,27-2-1994,'Other','Divorce',Digital Ventures,Agriculture,https://www.amanda7.net,"Contact from Digital Ventures",inactive,Systems Administrator
Sarah Taylor,richard.taylor743@company.com,+1-292-585-1581,+1-820-821-4601,Male,15-1-1999,'Colleague','Divorce',Cloud Systems,Agriculture,https://www.amanda1.co,"Contact from Cloud Systems",inactive,Business Analyst
Jane Williams,christopher.smith394@example.com,+1-374-326-3690,+1-216-600-3970,Female,17-10-1970,'Friend','Married',Digital Transform,Energy,https://www.joseph64.net,"Contact from Digital Transform",active,Consultant
Sarah Taylor,john.brown73@example.com,+1-485-726-6702,+1-337-487-7188,Female,9-5-2004,'Friend','Married',Digital Ventures,Education,https://www.david54.com,"Contact from Digital Ventures",inactive,Developer
Lisa Smith,david.gonzalez62@business.net,+1-416-204-1674,+1-189-584-9626,Male,9-3-1965,'Partner','Married',Innovation Labs,Real Estate,https://www.james32.com,"Contact from Innovation Labs",archived,Architect
Jennifer Martin,linda.miller26@mail.org,+1-669-656-3489,+1-495-554-5236,Male,22-4-1988,'Partner','Married',Acme Corp,Real Estate,https://www.patricia98.com,"Contact from Acme Corp",inactive,Operations Manager
John Martin,emily.thomas321@company.com,+1-345-913-1930,+1-918-362-3038,Female,22-7-1998,'Colleague','Widowed',Tech Leaders,Retail,https://www.linda8.org,"Contact from Tech Leaders",active,HR Manager
Jane Martin,lisa.anderson690@mail.org,+1-933-944-3661,+1-864-420-8165,Female,12-3-1986,'Vendor','Married',Future Systems,Construction,https://www.richard9.org,"Contact from Future Systems",archived,Product Manager
Sarah Moore,sarah.jackson884@example.com,+1-518-580-4001,+1-407-142-6640,Male,23-11-1984,'Friend','Divorce',Acme Corp,Retail,https://www.david2.org,"Contact from Acme Corp",inactive,Data Analyst
Joseph Wilson,jessica.rodriguez62@mail.org,+1-223-399-2944,+1-708-453-2301,Male,14-1-1989,'Client','Married',Data Analytics,Finance,https://www.emily96.com,"Contact from Data Analytics",active,Consultant
Lisa Rodriguez,michael.jones633@email.com,+1-332-342-3524,+1-629-669-6693,Female,21-10-1966,'Colleague','Divorce',Smart Industries,Agriculture,https://www.david36.co,"Contact from Smart Industries",archived,Marketing Manager
Jane Jones,amanda.anderson693@business.net,+1-322-100-4521,+1-278-861-7178,Female,10-6-1988,'Partner','Divorce',NextGen Tech,Transportation,https://www.william95.net,"Contact from NextGen Tech",active,Business Analyst
John Jackson,linda.hernandez886@email.com,+1-674-299-2981,+1-306-517-2475,Female,12-10-1987,'Friend','Married',Globex Inc,Technology,https://www.emily96.io,"Contact from Globex Inc",inactive,Business Analyst
Emily Jackson,john.garcia123@business.net,+1-656-965-9671,+1-413-690-8070,Male,10-12-1982,'Other','Married',Digital Transform,Retail,https://www.john20.org,"Contact from Digital Transform",inactive,HR Manager
Emily Martin,robert.williams145@business.net,+1-425-459-1157,+1-490-659-6716,Male,14-6-1971,'Other','Divorce',Smart Industries,Agriculture,https://www.patricia2.io,"Contact from Smart Industries",archived,Sales Executive
Amanda Thomas,michael.martinez138@mail.org,+1-918-192-1394,+1-695-949-4949,Female,28-11-1995,'Vendor','Widowed',Digital Transform,Education,https://www.william15.com,"Contact from Digital Transform",archived,Operations Manager
Jessica Brown,john.jackson504@email.com,+1-455-179-2787,+1-833-190-9337,Male,17-2-1974,'Friend','Divorce',Future Systems,Agriculture,https://www.charles18.co,"Contact from Future Systems",inactive,Software Engineer
John Davis,mary.davis850@company.com,+1-150-788-4788,+1-556-222-1449,Male,15-2-1984,'Client','Divorce',NextGen Tech,Hospitality,https://www.william16.co,"Contact from NextGen Tech",inactive,Financial Analyst
Linda Moore,jennifer.taylor215@email.com,+1-823-625-9202,+1-546-659-2420,Male,6-4-1974,'Colleague','Married',Innovation Labs,Retail,https://www.david83.net,"Contact from Innovation Labs",archived,Director
Lisa Brown,john.lopez356@company.com,+1-265-903-7138,+1-906-514-1583,Male,3-12-1997,'Other','Divorce',Digital Ventures,Finance,https://www.jane92.net,"Contact from Digital Ventures",archived,Operations Manager
Robert Garcia,christopher.smith77@mail.org,+1-601-929-5597,+1-220-166-2585,Male,27-5-1980,'Other','Single',Data Analytics,Agriculture,https://www.john62.co,"Contact from Data Analytics",active,Director
Patricia Rodriguez,emily.williams403@company.com,+1-337-635-6526,+1-421-448-9219,Male,25-12-1974,'Partner','Single',Tech Innovations,Entertainment,https://www.jennifer58.com,"Contact from Tech Innovations",archived,Product Manager
Christopher Davis,william.garcia570@email.com,+1-580-206-9176,+1-383-476-3320,Male,15-8-1981,'Colleague','Single',Future Systems,Healthcare,https://www.jessica20.net,"Contact from Future Systems",archived,Sales Executive
Jessica Lopez,james.martin696@example.com,+1-409-406-5287,+1-984-926-7796,Female,27-2-1985,'Friend','Divorce',Acme Corp,Energy,https://www.charles97.co,"Contact from Acme Corp",active,Consultant
Christopher Hernandez,richard.moore274@example.com,+1-142-373-9843,+1-675-669-5002,Female,16-4-1979,'Colleague','Divorce',Tech Innovations,Construction,https://www.linda36.co,"Contact from Tech Innovations",inactive,Financial Analyst
William Smith,christopher.gonzalez546@mail.org,+1-535-127-5471,+1-176-297-6689,Male,22-3-1981,'Client','Married',Smart Industries,Retail,https://www.james13.co,"Contact from Smart Industries",active,Consultant
James Rodriguez,sarah.martinez684@email.com,+1-936-752-3356,+1-955-400-9203,Male,26-4-2001,'Client','Divorce',Tech Innovations,Agriculture,https://www.james53.net,"Contact from Tech Innovations",archived,Developer
Emily Jackson,william.wilson765@example.com,+1-417-218-1915,+1-263-348-3349,Male,1-7-1966,'Partner','Married',Cloud Systems,Hospitality,https://www.michael42.io,"Contact from Cloud Systems",inactive,Business Analyst
Christopher Moore,joseph.taylor465@email.com,+1-511-614-3900,+1-981-796-8266,Male,1-3-1992,'Client','Single',Data Analytics,Manufacturing,https://www.emily63.co,"Contact from Data Analytics",active,Systems Administrator
John Johnson,robert.jones32@business.net,+1-775-674-1943,+1-776-649-7472,Female,3-11-1977,'Friend','Divorce',Digital Transform,Technology,https://www.christopher41.com,"Contact from Digital Transform",archived,Sales Executive
Jane Martinez,jennifer.jackson399@example.com,+1-292-664-9298,+1-439-339-4201,Male,26-3-2003,'Vendor','Married',Tech Solutions,Consulting,https://www.jessica67.io,"Contact from Tech Solutions",inactive,Systems Administrator
John Taylor,jennifer.jones999@business.net,+1-483-853-9930,+1-933-562-6396,Female,27-5-1967,'Other','Married',Enterprise Solutions,Transportation,https://www.mary95.co,"Contact from Enterprise Solutions",archived,Consultant
Charles Rodriguez,joseph.martinez886@mail.org,+1-639-492-9150,+1-666-219-3036,Male,27-6-1974,'Colleague','Single',Cloud Systems,Construction,https://www.christopher22.co,"Contact from Cloud Systems",inactive,HR Manager
Patricia Gonzalez,michael.williams196@example.com,+1-815-162-4576,+1-409-242-2573,Female,28-7-1987,'Partner','Widowed',NextGen Tech,Telecommunications,https://www.amanda4.org,"Contact from NextGen Tech",archived,Operations Manager
Patricia Gonzalez,amanda.moore332@company.com,+1-564-364-7920,+1-675-881-3518,Male,7-12-1988,'Vendor','Divorce',Data Analytics,Transportation,https://www.joseph79.com,"Contact from Data Analytics",archived,Operations Manager
Linda Taylor,sarah.brown904@example.com,+1-959-448-1451,+1-528-764-3660,Male,1-8-1983,'Client','Divorce',Tech Leaders,Education,https://www.jennifer51.io,"Contact from Tech Leaders",inactive,Product Manager
Richard Thomas,john.martinez967@example.com,+1-813-706-8974,+1-433-667-2675,Female,5-1-1972,'Other','Single',Future Systems,Agriculture,https://www.david5.co,"Contact from Future Systems",inactive,Data Analyst
Patricia Brown,david.jones3@business.net,+1-612-110-2599,+1-581-858-4144,Female,2-9-1998,'Friend','Widowed',Tech Leaders,Entertainment,https://www.joseph65.org,"Contact from Tech Leaders",active,Business Analyst
Christopher Lopez,joseph.lopez872@business.net,+1-358-289-3762,+1-942-236-2592,Male,17-4-2003,'Vendor','Single',Cloud Systems,Manufacturing,https://www.david11.com,"Contact from Cloud Systems",archived,Data Analyst
Christopher Gonzalez,amanda.martin502@company.com,+1-202-713-4688,+1-668-976-9262,Female,14-2-1980,'Friend','Widowed',Globex Inc,Telecommunications,https://www.richard78.net,"Contact from Globex Inc",active,Sales Executive
Joseph Gonzalez,john.jones952@business.net,+1-960-429-1739,+1-147-256-1110,Female,4-4-2001,'Other','Married',Cloud Systems,Healthcare,https://www.lisa75.com,"Contact from Cloud Systems",active,Business Analyst
William Jones,sarah.smith924@example.com,+1-607-563-8700,+1-463-364-3388,Female,24-2-1969,'Other','Widowed',Globex Inc,Retail,https://www.joseph63.org,"Contact from Globex Inc",inactive,Data Analyst
Michael Anderson,joseph.moore815@mail.org,+1-586-157-6585,+1-668-301-1371,Female,6-1-1969,'Partner','Widowed',NextGen Tech,Transportation,https://www.joseph88.org,"Contact from NextGen Tech",archived,Systems Administrator
Jessica Garcia,david.rodriguez75@mail.org,+1-765-358-8233,+1-348-367-1002,Female,1-4-2003,'Client','Divorce',Tech Innovations,Entertainment,https://www.jessica29.com,"Contact from Tech Innovations",archived,Consultant
Lisa Moore,jessica.smith833@email.com,+1-389-220-3804,+1-177-961-1429,Male,17-3-1973,'Friend','Widowed',Acme Corp,Technology,https://www.jessica64.co,"Contact from Acme Corp",archived,HR Manager
Christopher Smith,michael.garcia975@email.com,+1-709-248-3570,+1-772-422-2496,Female,3-10-1995,'Client','Single',Globex Inc,Consulting,https://www.charles50.co,"Contact from Globex Inc",archived,Marketing Manager
Amanda Smith,joseph.jackson118@example.com,+1-191-280-2372,+1-279-757-3163,Male,17-10-1982,'Colleague','Married',Future Systems,Finance,https://www.charles9.net,"Contact from Future Systems",active,Marketing Manager
Christopher Martinez,joseph.martinez46@mail.org,+1-153-721-5876,+1-952-899-6558,Female,16-3-1973,'Client','Single',Innovation Labs,Telecommunications,https://www.christopher21.com,"Contact from Innovation Labs",inactive,Financial Analyst
Mary Wilson,lisa.davis445@mail.org,+1-530-343-3301,+1-610-101-9961,Male,7-12-1988,'Vendor','Married',Tech Innovations,Consulting,https://www.patricia41.co,"Contact from Tech Innovations",inactive,Project Manager
Emily Martin,emily.rodriguez362@business.net,+1-984-738-4273,+1-404-291-8334,Female,9-10-1965,'Client','Widowed',Data Analytics,Consulting,https://www.charles25.co,"Contact from Data Analytics",archived,Systems Administrator
Mary Thomas,jennifer.anderson12@company.com,+1-343-170-5971,+1-183-492-8556,Male,8-4-1985,'Vendor','Divorce',Innovation Labs,Retail,https://www.william11.io,"Contact from Innovation Labs",active,Product Manager
Lisa Johnson,patricia.rodriguez44@mail.org,+1-605-265-1568,+1-358-785-3304,Male,6-8-1983,'Partner','Single',NextGen Tech,Consulting,https://www.christopher85.net,"Contact from NextGen Tech",inactive,Consultant
Joseph Hernandez,michael.rodriguez574@mail.org,+1-273-287-2095,+1-823-554-3740,Female,17-11-1976,'Friend','Married',Globex Inc,Agriculture,https://www.patricia72.org,"Contact from Globex Inc",archived,Director
Jessica Wilson,lisa.anderson406@company.com,+1-172-275-8748,+1-809-978-6843,Male,26-8-1984,'Friend','Divorce',Enterprise Solutions,Education,https://www.richard26.co,"Contact from Enterprise Solutions",archived,Consultant
Lisa Johnson,jennifer.gonzalez86@business.net,+1-780-211-9477,+1-511-770-6957,Female,12-6-1982,'Vendor','Married',Tech Leaders,Hospitality,https://www.amanda56.com,"Contact from Tech Leaders",archived,Architect
Linda Davis,michael.lopez633@email.com,+1-443-537-6296,+1-955-552-3770,Female,25-3-1995,'Colleague','Single',Acme Corp,Entertainment,https://www.robert84.io,"Contact from Acme Corp",active,Architect
William Martin,richard.gonzalez237@example.com,+1-840-342-1627,+1-300-352-3509,Female,21-6-2001,'Friend','Divorce',Cloud Systems,Energy,https://www.sarah24.net,"Contact from Cloud Systems",inactive,Software Engineer
David Thomas,robert.johnson511@business.net,+1-850-711-9466,+1-323-585-1927,Male,26-12-1997,'Friend','Divorce',Tech Innovations,Telecommunications,https://www.emily20.com,"Contact from Tech Innovations",active,Software Engineer
Amanda Miller,jessica.anderson83@mail.org,+1-550-878-4889,+1-826-730-9828,Female,25-2-1997,'Friend','Married',Smart Industries,Hospitality,https://www.emily30.com,"Contact from Smart Industries",archived,Business Analyst
Patricia Moore,linda.taylor773@mail.org,+1-762-278-7332,+1-916-608-5550,Male,24-4-1996,'Friend','Widowed',Acme Corp,Healthcare,https://www.john69.com,"Contact from Acme Corp",inactive,Data Analyst
Jane Lopez,amanda.gonzalez563@example.com,+1-838-876-5577,+1-367-255-4558,Male,5-2-2001,'Client','Married',Digital Ventures,Real Estate,https://www.robert79.net,"Contact from Digital Ventures",inactive,Sales Executive
Emily Jones,joseph.moore822@mail.org,+1-768-997-4907,+1-902-203-6845,Female,10-4-1990,'Client','Divorce',Tech Leaders,Entertainment,https://www.joseph43.com,"Contact from Tech Leaders",inactive,HR Manager
Emily Davis,richard.moore250@company.com,+1-452-741-1701,+1-686-141-8216,Female,18-6-1977,'Partner','Divorce',Enterprise Solutions,Finance,https://www.jane80.net,"Contact from Enterprise Solutions",inactive,HR Manager
Jane Rodriguez,richard.rodriguez624@example.com,+1-645-763-9756,+1-502-122-4724,Female,25-5-1996,'Partner','Single',Tech Solutions,Hospitality,https://www.lisa16.io,"Contact from Tech Solutions",archived,Project Manager
Linda Brown,jessica.rodriguez469@mail.org,+1-946-834-2473,+1-929-283-4445,Female,26-11-1991,'Colleague','Single',Future Systems,Retail,https://www.joseph19.net,"Contact from Future Systems",inactive,Architect
Richard Taylor,sarah.brown710@mail.org,+1-470-874-1016,+1-681-644-4375,Male,15-3-1998,'Other','Widowed',Digital Transform,Real Estate,https://www.richard18.co,"Contact from Digital Transform",active,HR Manager
Lisa Rodriguez,amanda.hernandez601@business.net,+1-211-424-6519,+1-917-637-8658,Female,17-3-1970,'Partner','Widowed',Tech Solutions,Agriculture,https://www.lisa28.com,"Contact from Tech Solutions",archived,Marketing Manager
John Jones,john.gonzalez861@email.com,+1-447-103-6636,+1-543-133-5434,Male,21-2-1987,'Other','Divorce',Data Analytics,Real Estate,https://www.sarah42.org,"Contact from Data Analytics",archived,Business Analyst
Jennifer Martin,james.martin595@email.com,+1-472-960-5397,+1-320-292-7549,Female,3-4-1981,'Other','Widowed',System Architects,Hospitality,https://www.amanda11.co,"Contact from System Architects",archived,HR Manager
Richard Davis,linda.brown574@example.com,+1-431-784-2611,+1-659-768-7155,Female,1-5-1995,'Vendor','Married',Digital Transform,Finance,https://www.jennifer44.io,"Contact from Digital Transform",archived,Operations Manager
James Smith,richard.anderson392@company.com,+1-543-113-6738,+1-893-994-7707,Female,4-9-1991,'Vendor','Divorce',System Architects,Agriculture,https://www.charles98.com,"Contact from System Architects",active,Project Manager
Richard Wilson,william.lopez59@business.net,+1-262-643-5213,+1-817-543-2753,Female,4-11-1998,'Friend','Single',Future Systems,Construction,https://www.sarah55.io,"Contact from Future Systems",active,Business Analyst
Christopher Garcia,michael.williams513@company.com,+1-599-344-7713,+1-431-933-4652,Female,25-3-1983,'Vendor','Single',Digital Transform,Energy,https://www.linda7.io,"Contact from Digital Transform",inactive,HR Manager
Charles Williams,michael.jones573@example.com,+1-148-344-7767,+1-234-402-5399,Male,28-5-1971,'Other','Widowed',Acme Corp,Real Estate,https://www.linda21.co,"Contact from Acme Corp",active,Business Analyst
David Lopez,william.anderson970@example.com,+1-895-790-8353,+1-118-780-6330,Female,18-11-1975,'Colleague','Married',Data Analytics,Construction,https://www.charles2.net,"Contact from Data Analytics",inactive,Operations Manager
Jane Taylor,john.williams253@example.com,+1-542-604-1739,+1-183-233-9327,Male,17-10-1978,'Colleague','Divorce',Enterprise Solutions,Education,https://www.charles64.io,"Contact from Enterprise Solutions",inactive,Data Analyst
Emily Miller,charles.rodriguez997@email.com,+1-768-820-8418,+1-582-489-9166,Male,20-6-1990,'Client','Single',Innovation Labs,Energy,https://www.patricia41.org,"Contact from Innovation Labs",archived,Sales Executive
Michael Williams,richard.anderson751@email.com,+1-886-446-8872,+1-738-545-4095,Male,25-4-1966,'Partner','Widowed',Cloud Systems,Retail,https://www.patricia14.net,"Contact from Cloud Systems",archived,Software Engineer
Michael Williams,william.brown904@mail.org,+1-650-352-9764,+1-433-273-6546,Male,10-3-1967,'Colleague','Divorce',Cloud Systems,Telecommunications,https://www.sarah75.net,"Contact from Cloud Systems",archived,Developer
Emily Williams,jennifer.davis588@business.net,+1-339-879-7782,+1-725-403-6719,Male,17-7-2002,'Vendor','Divorce',Digital Transform,Agriculture,https://www.jane27.com,"Contact from Digital Transform",active,Operations Manager
Joseph Garcia,jessica.johnson25@mail.org,+1-725-528-4176,+1-730-927-2355,Male,4-1-1968,'Partner','Divorce',Globex Inc,Real Estate,https://www.jennifer16.io,"Contact from Globex Inc",inactive,Operations Manager
Linda Moore,charles.anderson135@email.com,+1-512-384-8809,+1-364-709-1213,Male,1-8-1990,'Vendor','Widowed',Innovation Labs,Manufacturing,https://www.jennifer21.co,"Contact from Innovation Labs",archived,Business Analyst
Joseph Thomas,lisa.lopez656@business.net,+1-855-972-1096,+1-547-631-9414,Female,28-1-1981,'Colleague','Single',Globex Inc,Retail,https://www.richard91.co,"Contact from Globex Inc",inactive,Software Engineer
Mary Williams,linda.johnson861@company.com,+1-488-112-6054,+1-504-446-2058,Male,13-3-1994,'Colleague','Married',NextGen Tech,Finance,https://www.richard18.com,"Contact from NextGen Tech",active,Operations Manager
Christopher Taylor,charles.rodriguez462@email.com,+1-478-616-1889,+1-383-646-8001,Male,5-9-1971,'Other','Divorce',Data Analytics,Technology,https://www.linda10.org,"Contact from Data Analytics",inactive,Product Manager
James Martin,lisa.wilson870@company.com,+1-106-942-5768,+1-533-336-9659,Male,13-5-1983,'Colleague','Widowed',Enterprise Solutions,Energy,https://www.joseph56.io,"Contact from Enterprise Solutions",inactive,Data Analyst
Patricia Martin,mary.miller152@example.com,+1-442-410-7465,+1-467-635-5799,Female,16-10-1972,'Other','Married',NextGen Tech,Agriculture,https://www.jane3.co,"Contact from NextGen Tech",inactive,Systems Administrator
Jane Brown,james.jones57@email.com,+1-857-913-8432,+1-724-797-4022,Female,18-1-1980,'Other','Married',Enterprise Solutions,Healthcare,https://www.robert40.org,"Contact from Enterprise Solutions",archived,Marketing Manager
Robert Jackson,william.martinez165@email.com,+1-265-416-7256,+1-709-544-1803,Male,13-1-1997,'Friend','Divorce',Tech Leaders,Healthcare,https://www.jessica60.org,"Contact from Tech Leaders",archived,Sales Executive
David Jones,michael.lopez965@business.net,+1-827-288-3835,+1-711-362-5227,Male,15-10-2003,'Friend','Single',NextGen Tech,Entertainment,https://www.amanda89.co,"Contact from NextGen Tech",active,Sales Executive
Robert Garcia,richard.garcia751@example.com,+1-921-436-7316,+1-432-661-1632,Male,12-4-1980,'Colleague','Widowed',Tech Innovations,Finance,https://www.linda96.co,"Contact from Tech Innovations",inactive,Director
Amanda Jackson,christopher.davis298@email.com,+1-444-761-1148,+1-596-321-4924,Male,14-4-1972,'Vendor','Divorce',Digital Transform,Transportation,https://www.lisa33.io,"Contact from Digital Transform",inactive,Architect
Sarah Jones,michael.brown651@business.net,+1-922-969-5925,+1-847-845-1769,Female,16-11-1982,'Other','Divorce',Data Analytics,Consulting,https://www.john89.net,"Contact from Data Analytics",active,Developer
Mary Rodriguez,jennifer.brown532@example.com,+1-421-370-3468,+1-470-873-5143,Female,8-1-2003,'Partner','Widowed',Future Systems,Energy,https://www.emily20.co,"Contact from Future Systems",inactive,Systems Administrator
Lisa Brown,christopher.garcia356@email.com,+1-656-677-3881,+1-754-401-3667,Male,21-8-1982,'Client','Single',Data Analytics,Entertainment,https://www.michael65.io,"Contact from Data Analytics",archived,Systems Administrator
John Anderson,michael.rodriguez785@email.com,+1-111-412-5148,+1-306-449-9663,Male,4-2-1966,'Vendor','Married',Enterprise Solutions,Agriculture,https://www.richard64.co,"Contact from Enterprise Solutions",inactive,Director
Michael Gonzalez,charles.johnson77@mail.org,+1-583-715-3173,+1-307-639-7048,Male,24-7-1993,'Friend','Divorce',Future Systems,Real Estate,https://www.james85.org,"Contact from Future Systems",active,HR Manager
Patricia Wilson,richard.williams680@business.net,+1-224-199-2930,+1-898-655-2794,Female,27-12-2000,'Colleague','Single',Globex Inc,Construction,https://www.jessica10.org,"Contact from Globex Inc",inactive,Sales Executive
Jane Moore,linda.hernandez899@business.net,+1-450-674-1083,+1-717-711-1322,Female,19-2-1982,'Other','Married',Innovation Labs,Education,https://www.william26.io,"Contact from Innovation Labs",inactive,Financial Analyst
Robert Garcia,james.lopez529@mail.org,+1-679-222-7248,+1-797-734-2357,Female,6-6-1988,'Colleague','Married',Tech Innovations,Retail,https://www.emily28.com,"Contact from Tech Innovations",inactive,Operations Manager
John Moore,christopher.jackson781@mail.org,+1-511-806-6121,+1-832-161-4533,Female,16-7-1997,'Friend','Single',Acme Corp,Retail,https://www.jessica24.co,"Contact from Acme Corp",active,Consultant
Robert Taylor,jessica.lopez139@company.com,+1-470-656-6611,+1-663-697-1196,Female,18-4-1965,'Vendor','Divorce',Smart Industries,Entertainment,https://www.david89.io,"Contact from Smart Industries",inactive,Product Manager
Sarah Thomas,john.anderson795@company.com,+1-171-689-4628,+1-798-287-3002,Female,3-5-1976,'Vendor','Divorce',Cloud Systems,Construction,https://www.william55.net,"Contact from Cloud Systems",inactive,Product Manager
Amanda Anderson,amanda.martinez352@business.net,+1-617-399-2352,+1-678-437-6129,Female,9-5-1966,'Other','Married',Smart Industries,Retail,https://www.lisa15.co,"Contact from Smart Industries",inactive,HR Manager
Joseph Thomas,christopher.smith586@mail.org,+1-871-487-6043,+1-888-754-5688,Female,2-4-2004,'Colleague','Single',Data Analytics,Manufacturing,https://www.patricia37.co,"Contact from Data Analytics",archived,Software Engineer
Charles Wilson,jessica.garcia37@business.net,+1-245-497-2223,+1-199-572-6108,Male,13-1-1973,'Partner','Single',Tech Innovations,Hospitality,https://www.david11.net,"Contact from Tech Innovations",active,Data Analyst
Charles Brown,william.rodriguez299@example.com,+1-642-713-6615,+1-191-846-7646,Male,13-6-1994,'Partner','Divorce',Innovation Labs,Real Estate,https://www.john53.net,"Contact from Innovation Labs",active,Product Manager
Patricia Jackson,mary.anderson376@business.net,+1-180-665-4589,+1-525-457-5487,Male,21-11-1982,'Colleague','Widowed',Tech Leaders,Manufacturing,https://www.lisa28.org,"Contact from Tech Leaders",archived,Data Analyst
Linda Gonzalez,mary.jackson160@email.com,+1-198-830-4433,+1-838-892-5122,Female,4-7-1987,'Colleague','Widowed',Acme Corp,Retail,https://www.linda49.co,"Contact from Acme Corp",active,Developer
Jennifer Thomas,joseph.wilson621@example.com,+1-488-245-1887,+1-677-262-9127,Male,3-4-1976,'Partner','Single',Future Systems,Transportation,https://www.lisa19.io,"Contact from Future Systems",archived,Consultant
Jessica Brown,emily.rodriguez275@company.com,+1-823-850-7878,+1-670-356-3446,Male,15-10-1980,'Client','Widowed',Tech Innovations,Healthcare,https://www.mary98.com,"Contact from Tech Innovations",archived,Marketing Manager
Michael Rodriguez,christopher.smith685@business.net,+1-315-954-3235,+1-299-186-6011,Female,5-7-2001,'Colleague','Single',Innovation Labs,Construction,https://www.christopher86.net,"Contact from Innovation Labs",active,HR Manager
Lisa Jones,jane.garcia281@company.com,+1-813-773-4063,+1-933-886-8077,Male,11-3-1977,'Colleague','Widowed',Tech Innovations,Manufacturing,https://www.mary96.net,"Contact from Tech Innovations",inactive,Consultant
Michael Davis,linda.lopez728@company.com,+1-953-435-4016,+1-867-681-8963,Female,16-12-2004,'Client','Divorce',System Architects,Telecommunications,https://www.christopher0.net,"Contact from System Architects",archived,Project Manager
David Brown,jessica.miller28@email.com,+1-359-459-9350,+1-199-164-4112,Male,3-4-1995,'Friend','Single',Digital Transform,Consulting,https://www.jennifer52.com,"Contact from Digital Transform",inactive,Sales Executive
Lisa Brown,patricia.jackson763@example.com,+1-831-651-4451,+1-489-500-2627,Female,2-5-1998,'Other','Widowed',Tech Leaders,Manufacturing,https://www.robert22.org,"Contact from Tech Leaders",archived,Financial Analyst
Emily Martinez,richard.miller817@business.net,+1-348-408-6448,+1-710-780-7858,Female,21-4-1997,'Friend','Single',System Architects,Technology,https://www.richard79.co,"Contact from System Architects",archived,Architect
David Taylor,michael.thomas818@mail.org,+1-261-667-4661,+1-813-150-3792,Female,1-11-1992,'Other','Divorce',Digital Ventures,Telecommunications,https://www.john62.com,"Contact from Digital Ventures",archived,Systems Administrator
Emily Miller,charles.brown498@business.net,+1-162-439-5912,+1-359-872-8896,Female,27-3-2003,'Client','Divorce',Innovation Labs,Hospitality,https://www.robert38.co,"Contact from Innovation Labs",inactive,HR Manager
Michael Williams,linda.miller866@company.com,+1-603-373-5682,+1-252-787-6296,Male,5-5-1990,'Friend','Widowed',Digital Ventures,Entertainment,https://www.sarah5.co,"Contact from Digital Ventures",active,HR Manager
Jane Wilson,lisa.anderson207@company.com,+1-523-558-8432,+1-757-142-4618,Male,22-1-1999,'Friend','Widowed',Data Analytics,Transportation,https://www.jennifer19.io,"Contact from Data Analytics",active,Business Analyst
Jane Brown,michael.thomas153@company.com,+1-221-387-8081,+1-644-769-3873,Female,3-12-1975,'Client','Widowed',Digital Ventures,Transportation,https://www.john42.co,"Contact from Digital Ventures",inactive,Sales Executive
Jessica Thomas,jennifer.jackson127@mail.org,+1-248-995-5291,+1-827-309-4855,Male,25-12-1982,'Client','Divorce',Digital Transform,Real Estate,https://www.mary90.io,"Contact from Digital Transform",inactive,Developer
David Jackson,david.taylor807@email.com,+1-575-673-9054,+1-575-881-6530,Male,23-10-1985,'Partner','Married',Data Analytics,Agriculture,https://www.charles21.net,"Contact from Data Analytics",active,HR Manager
William Garcia,christopher.davis228@example.com,+1-451-419-4157,+1-229-339-3731,Female,12-8-1999,'Colleague','Widowed',Digital Ventures,Telecommunications,https://www.emily55.com,"Contact from Digital Ventures",archived,Data Analyst
Emily Martinez,amanda.thomas171@business.net,+1-650-122-6585,+1-462-697-7756,Female,10-8-1999,'Client','Divorce',Enterprise Solutions,Education,https://www.jessica37.io,"Contact from Enterprise Solutions",archived,Director
Jessica Thomas,amanda.lopez36@example.com,+1-746-228-1114,+1-753-493-2530,Female,14-5-1970,'Partner','Widowed',Tech Leaders,Energy,https://www.michael0.co,"Contact from Tech Leaders",inactive,Director
Patricia Gonzalez,lisa.williams572@mail.org,+1-616-447-6456,+1-310-302-7287,Male,10-10-1975,'Vendor','Widowed',Globex Inc,Finance,https://www.lisa29.com,"Contact from Globex Inc",inactive,Systems Administrator
Jennifer Martin,lisa.miller516@example.com,+1-675-427-8119,+1-405-858-2042,Female,24-8-1971,'Client','Single',Tech Leaders,Hospitality,https://www.john61.co,"Contact from Tech Leaders",archived,Business Analyst
Mary Brown,patricia.smith401@company.com,+1-708-624-4916,+1-268-865-6191,Male,24-2-1991,'Friend','Single',Tech Innovations,Consulting,https://www.patricia72.net,"Contact from Tech Innovations",archived,Project Manager
Christopher Smith,lisa.garcia388@email.com,+1-960-900-7079,+1-878-509-3700,Female,5-1-2001,'Friend','Married',Smart Industries,Finance,https://www.charles2.net,"Contact from Smart Industries",active,Director
Jessica Lopez,john.smith193@mail.org,+1-488-308-7130,+1-572-220-3798,Female,22-1-1986,'Client','Widowed',Cloud Systems,Entertainment,https://www.sarah40.net,"Contact from Cloud Systems",active,Marketing Manager
Emily Rodriguez,william.miller601@email.com,+1-950-954-1317,+1-156-850-2583,Female,14-12-1980,'Friend','Widowed',Tech Solutions,Entertainment,https://www.robert92.com,"Contact from Tech Solutions",active,Sales Executive
Joseph Jackson,lisa.johnson767@email.com,+1-352-786-1724,+1-603-900-9537,Female,23-8-1986,'Friend','Married',Globex Inc,Hospitality,https://www.robert55.org,"Contact from Globex Inc",archived,Developer
Richard Wilson,richard.martin737@business.net,+1-867-501-8997,+1-601-892-5563,Female,17-12-1987,'Partner','Divorce',Enterprise Solutions,Agriculture,https://www.richard74.com,"Contact from Enterprise Solutions",inactive,Software Engineer
David Johnson,richard.johnson652@mail.org,+1-745-855-9239,+1-597-320-1674,Male,22-4-1995,'Partner','Widowed',System Architects,Finance,https://www.sarah99.com,"Contact from System Architects",archived,Systems Administrator
Joseph Anderson,emily.miller949@email.com,+1-764-132-3349,+1-573-279-7589,Female,10-9-1992,'Client','Widowed',Globex Inc,Hospitality,https://www.lisa76.co,"Contact from Globex Inc",active,Product Manager
Emily Jones,patricia.martin265@email.com,+1-862-364-6842,+1-525-345-8319,Female,24-3-1990,'Colleague','Widowed',Cloud Systems,Agriculture,https://www.william37.com,"Contact from Cloud Systems",archived,Product Manager
Lisa Jones,lisa.jones607@email.com,+1-329-586-9483,+1-666-607-2960,Male,3-5-1965,'Colleague','Single',Cloud Systems,Transportation,https://www.robert74.net,"Contact from Cloud Systems",archived,Business Analyst
Amanda Lopez,joseph.taylor339@company.com,+1-728-239-6111,+1-154-385-8411,Female,14-10-1989,'Client','Divorce',Cloud Systems,Entertainment,https://www.jane52.co,"Contact from Cloud Systems",active,Developer
Robert Moore,james.thomas435@company.com,+1-488-460-5054,+1-454-420-3462,Female,16-8-1986,'Client','Married',Tech Innovations,Technology,https://www.mary38.co,"Contact from Tech Innovations",inactive,Marketing Manager
Linda Martinez,amanda.wilson849@email.com,+1-359-936-6807,+1-341-980-3329,Female,28-11-2004,'Partner','Married',Tech Leaders,Energy,https://www.jane46.io,"Contact from Tech Leaders",archived,Consultant
Robert Smith,lisa.anderson317@business.net,+1-517-351-3793,+1-438-317-5633,Male,11-4-2002,'Friend','Married',Acme Corp,Education,https://www.richard51.co,"Contact from Acme Corp",active,Director
Richard Miller,james.jones420@business.net,+1-541-937-4661,+1-294-626-6413,Female,4-1-1978,'Client','Divorce',Tech Leaders,Agriculture,https://www.joseph54.net,"Contact from Tech Leaders",active,Operations Manager
Linda Garcia,richard.garcia337@example.com,+1-708-200-3837,+1-749-646-4639,Female,11-1-1998,'Client','Married',Data Analytics,Consulting,https://www.amanda54.com,"Contact from Data Analytics",active,Business Analyst
John Taylor,robert.hernandez706@business.net,+1-317-423-1527,+1-777-876-7573,Female,7-8-1977,'Other','Single',Tech Leaders,Technology,https://www.jane5.io,"Contact from Tech Leaders",inactive,Business Analyst
Richard Moore,jennifer.anderson210@mail.org,+1-173-371-8399,+1-518-387-4906,Male,26-7-1977,'Colleague','Single',Tech Leaders,Consulting,https://www.sarah31.io,"Contact from Tech Leaders",inactive,Sales Executive
Robert Smith,christopher.johnson985@example.com,+1-272-228-5251,+1-922-173-4012,Female,18-9-1973,'Other','Married',NextGen Tech,Retail,https://www.john66.org,"Contact from NextGen Tech",inactive,Director
James Martin,mary.smith213@mail.org,+1-651-171-9107,+1-178-140-7631,Female,8-4-1986,'Friend','Divorce',Tech Innovations,Hospitality,https://www.richard87.com,"Contact from Tech Innovations",active,Business Analyst
Mary Moore,christopher.davis536@mail.org,+1-396-580-6574,+1-842-960-5208,Male,16-7-2003,'Partner','Divorce',Data Analytics,Finance,https://www.jessica74.io,"Contact from Data Analytics",archived,HR Manager
David Anderson,amanda.davis610@mail.org,+1-348-518-5333,+1-256-448-2563,Female,9-9-2000,'Vendor','Married',Globex Inc,Healthcare,https://www.christopher31.io,"Contact from Globex Inc",active,Operations Manager
Mary Wilson,sarah.gonzalez632@company.com,+1-268-666-8115,+1-222-573-2711,Male,2-7-1985,'Friend','Divorce',Acme Corp,Education,https://www.james96.co,"Contact from Acme Corp",inactive,Project Manager
Christopher Jones,sarah.brown896@business.net,+1-340-650-3763,+1-916-827-8070,Female,4-6-1984,'Friend','Married',Data Analytics,Consulting,https://www.charles50.com,"Contact from Data Analytics",archived,Product Manager
John Miller,sarah.brown956@company.com,+1-853-662-8946,+1-749-127-9445,Female,6-1-1986,'Friend','Single',Enterprise Solutions,Manufacturing,https://www.emily21.com,"Contact from Enterprise Solutions",archived,HR Manager
James Taylor,lisa.hernandez947@mail.org,+1-798-902-7545,+1-736-217-4194,Female,10-3-1987,'Colleague','Divorce',Globex Inc,Consulting,https://www.jessica41.com,"Contact from Globex Inc",inactive,Financial Analyst
John Smith,william.thomas476@company.com,+1-403-968-2193,+1-260-132-3291,Female,7-12-1973,'Partner','Married',Tech Solutions,Real Estate,https://www.richard92.org,"Contact from Tech Solutions",inactive,Director
Joseph Lopez,amanda.johnson846@example.com,+1-146-790-2778,+1-621-345-6389,Female,17-4-1970,'Other','Married',Innovation Labs,Energy,https://www.linda82.io,"Contact from Innovation Labs",inactive,Operations Manager
Charles Martin,emily.martin734@business.net,+1-222-137-6846,+1-710-473-9487,Female,20-11-1970,'Vendor','Widowed',Acme Corp,Energy,https://www.sarah24.org,"Contact from Acme Corp",archived,Business Analyst
Linda Davis,joseph.jackson562@email.com,+1-106-723-6367,+1-367-529-4048,Male,21-11-1976,'Partner','Married',Innovation Labs,Technology,https://www.jessica49.org,"Contact from Innovation Labs",inactive,Financial Analyst
Patricia Jones,lisa.taylor495@mail.org,+1-896-726-2638,+1-767-619-6729,Male,1-8-1976,'Colleague','Widowed',Cloud Systems,Finance,https://www.lisa15.io,"Contact from Cloud Systems",archived,Director
Mary Smith,emily.thomas443@mail.org,+1-158-142-5613,+1-259-813-1730,Male,17-12-1979,'Other','Married',Enterprise Solutions,Energy,https://www.christopher4.net,"Contact from Enterprise Solutions",active,Sales Executive
Patricia Brown,john.moore449@company.com,+1-328-929-9007,+1-602-354-4977,Female,24-9-1970,'Partner','Single',Smart Industries,Healthcare,https://www.patricia27.co,"Contact from Smart Industries",inactive,Consultant
Patricia Johnson,michael.taylor931@business.net,+1-418-212-2429,+1-900-817-9642,Female,22-8-1971,'Other','Single',Innovation Labs,Technology,https://www.emily82.org,"Contact from Innovation Labs",archived,Developer
Joseph Taylor,robert.williams275@business.net,+1-519-265-6571,+1-715-755-1453,Male,26-11-1978,'Friend','Married',Data Analytics,Construction,https://www.michael71.com,"Contact from Data Analytics",inactive,Director
Lisa Lopez,jane.anderson499@company.com,+1-852-929-6327,+1-797-833-8143,Female,13-2-1975,'Other','Single',Digital Ventures,Telecommunications,https://www.christopher55.co,"Contact from Digital Ventures",active,Operations Manager
Patricia Rodriguez,robert.brown44@email.com,+1-919-334-6486,+1-304-649-9817,Female,28-2-2002,'Other','Divorce',Tech Leaders,Healthcare,https://www.richard44.com,"Contact from Tech Leaders",active,Systems Administrator
Amanda Brown,mary.hernandez630@example.com,+1-747-719-5007,+1-239-548-6371,Female,15-3-1986,'Colleague','Widowed',Tech Solutions,Finance,https://www.david21.net,"Contact from Tech Solutions",active,Architect
Patricia Martin,lisa.miller90@business.net,+1-638-640-5876,+1-230-155-6729,Male,25-1-1990,'Vendor','Divorce',Tech Solutions,Finance,https://www.joseph87.io,"Contact from Tech Solutions",archived,Consultant
Sarah Anderson,jane.anderson129@mail.org,+1-645-392-5717,+1-645-130-8059,Female,19-4-1968,'Vendor','Divorce',Data Analytics,Telecommunications,https://www.richard94.net,"Contact from Data Analytics",active,HR Manager
Jessica Garcia,jennifer.jones71@company.com,+1-356-351-1995,+1-546-201-9395,Male,19-10-1970,'Friend','Single',Digital Ventures,Agriculture,https://www.christopher79.io,"Contact from Digital Ventures",archived,Business Analyst
William Johnson,robert.martin75@email.com,+1-911-894-4303,+1-521-203-7302,Female,9-8-2003,'Other','Single',Digital Ventures,Telecommunications,https://www.christopher91.org,"Contact from Digital Ventures",active,Financial Analyst
Mary Martinez,john.martin81@company.com,+1-891-470-5000,+1-829-746-4279,Female,26-9-1984,'Vendor','Widowed',Tech Solutions,Construction,https://www.christopher21.io,"Contact from Tech Solutions",archived,Financial Analyst
Richard Martinez,jane.jones214@company.com,+1-446-771-4963,+1-169-861-7103,Female,18-4-1993,'Vendor','Single',Tech Innovations,Retail,https://www.christopher62.net,"Contact from Tech Innovations",archived,Consultant
Robert Brown,linda.jackson782@example.com,+1-500-364-6769,+1-939-776-3125,Female,7-5-1968,'Friend','Divorce',Digital Transform,Technology,https://www.sarah38.com,"Contact from Digital Transform",inactive,Sales Executive
John Anderson,christopher.williams109@company.com,+1-177-218-4243,+1-794-877-1935,Male,3-12-1987,'Client','Single',Innovation Labs,Education,https://www.jessica18.com,"Contact from Innovation Labs",archived,Product Manager
John Johnson,robert.lopez97@company.com,+1-898-960-2614,+1-217-987-1520,Female,26-9-1972,'Other','Divorce',Tech Leaders,Finance,https://www.sarah55.io,"Contact from Tech Leaders",archived,Data Analyst
Linda Smith,lisa.wilson995@mail.org,+1-821-547-4023,+1-458-316-6775,Male,15-1-1991,'Friend','Single',Enterprise Solutions,Construction,https://www.jane31.org,"Contact from Enterprise Solutions",active,Architect
Linda Jones,amanda.miller920@email.com,+1-773-496-2320,+1-410-439-7305,Male,18-6-1987,'Other','Widowed',Acme Corp,Hospitality,https://www.richard94.com,"Contact from Acme Corp",inactive,Director
Jessica Martin,linda.wilson870@email.com,+1-641-258-8093,+1-838-572-3679,Female,4-2-1992,'Partner','Married',Acme Corp,Agriculture,https://www.charles78.com,"Contact from Acme Corp",active,Architect
Jane Johnson,patricia.jones775@email.com,+1-265-172-8512,+1-532-310-6053,Female,17-1-1970,'Friend','Married',Tech Solutions,Healthcare,https://www.charles63.io,"Contact from Tech Solutions",active,Architect
Richard Rodriguez,jennifer.anderson575@example.com,+1-835-350-4719,+1-740-522-7191,Female,1-4-1983,'Vendor','Divorce',Digital Transform,Finance,https://www.joseph93.net,"Contact from Digital Transform",archived,Project Manager
David Brown,lisa.smith608@mail.org,+1-830-843-4586,+1-939-257-6532,Male,28-9-1983,'Vendor','Single',Digital Transform,Construction,https://www.emily84.co,"Contact from Digital Transform",active,HR Manager
Jane Rodriguez,lisa.wilson811@mail.org,+1-925-373-1776,+1-928-982-6387,Female,22-3-1992,'Friend','Divorce',Tech Innovations,Energy,https://www.david75.net,"Contact from Tech Innovations",inactive,Architect
Patricia Wilson,jessica.hernandez461@business.net,+1-742-149-4327,+1-220-105-1821,Female,21-6-1997,'Other','Divorce',Data Analytics,Entertainment,https://www.robert7.org,"Contact from Data Analytics",archived,Data Analyst
David Anderson,richard.thomas450@example.com,+1-884-906-4055,+1-128-389-7622,Male,12-4-1972,'Vendor','Divorce',Innovation Labs,Education,https://www.joseph91.co,"Contact from Innovation Labs",inactive,HR Manager
Michael Thomas,david.lopez674@example.com,+1-840-816-9765,+1-887-337-7921,Male,28-6-1983,'Vendor','Married',Tech Leaders,Transportation,https://www.charles39.org,"Contact from Tech Leaders",active,Operations Manager
Joseph Moore,jessica.jackson403@example.com,+1-105-727-3767,+1-426-691-5268,Female,3-1-1981,'Friend','Widowed',Cloud Systems,Energy,https://www.jennifer23.org,"Contact from Cloud Systems",inactive,Product Manager
Amanda Gonzalez,david.johnson366@company.com,+1-679-687-1092,+1-436-876-9046,Female,28-9-1983,'Other','Widowed',Data Analytics,Healthcare,https://www.christopher96.co,"Contact from Data Analytics",archived,Sales Executive
Jane Davis,lisa.garcia166@email.com,+1-424-592-4681,+1-571-478-3223,Female,20-5-1998,'Vendor','Married',Tech Leaders,Construction,https://www.michael26.com,"Contact from Tech Leaders",archived,Financial Analyst
Linda Smith,david.miller467@company.com,+1-952-470-2145,+1-777-340-7897,Male,1-10-1976,'Client','Divorce',Acme Corp,Transportation,https://www.william13.io,"Contact from Acme Corp",inactive,HR Manager
Jennifer Hernandez,christopher.moore836@business.net,+1-969-400-9063,+1-842-923-7469,Female,1-8-1985,'Colleague','Married',Globex Inc,Energy,https://www.christopher5.net,"Contact from Globex Inc",active,Project Manager
John Jones,emily.garcia477@example.com,+1-608-824-8464,+1-858-337-5979,Male,26-11-1996,'Friend','Single',Smart Industries,Energy,https://www.john33.co,"Contact from Smart Industries",archived,Sales Executive
John Wilson,robert.smith724@email.com,+1-521-971-6104,+1-986-663-6563,Male,1-11-1986,'Other','Single',Smart Industries,Agriculture,https://www.amanda97.com,"Contact from Smart Industries",archived,Systems Administrator
Mary Moore,charles.miller734@business.net,+1-632-598-6722,+1-415-231-6626,Female,16-4-1977,'Colleague','Divorce',Tech Innovations,Agriculture,https://www.linda8.io,"Contact from Tech Innovations",active,HR Manager
Robert Garcia,charles.jones971@company.com,+1-894-153-5415,+1-218-587-2963,Female,15-7-1987,'Colleague','Divorce',Data Analytics,Entertainment,https://www.mary36.co,"Contact from Data Analytics",active,Software Engineer
Christopher Taylor,richard.davis305@business.net,+1-320-953-2411,+1-250-697-6424,Male,27-11-1988,'Other','Widowed',Tech Solutions,Healthcare,https://www.jennifer95.org,"Contact from Tech Solutions",archived,HR Manager
Linda Smith,david.taylor661@example.com,+1-822-709-1941,+1-718-849-8788,Female,7-8-1994,'Client','Single',System Architects,Telecommunications,https://www.sarah80.io,"Contact from System Architects",archived,Operations Manager
James Hernandez,emily.johnson65@business.net,+1-769-284-3770,+1-839-994-5339,Female,2-3-1999,'Partner','Married',Tech Innovations,Telecommunications,https://www.james49.net,"Contact from Tech Innovations",inactive,HR Manager
John Smith,richard.davis343@business.net,+1-702-979-1591,+1-656-743-8690,Male,19-1-1970,'Other','Single',Enterprise Solutions,Healthcare,https://www.linda25.net,"Contact from Enterprise Solutions",archived,Systems Administrator
Amanda Garcia,linda.hernandez300@business.net,+1-204-673-6529,+1-530-720-5955,Female,4-5-1970,'Colleague','Single',Acme Corp,Hospitality,https://www.amanda57.io,"Contact from Acme Corp",active,HR Manager
Christopher Garcia,jennifer.jackson481@example.com,+1-370-274-2393,+1-730-803-2764,Female,16-11-1986,'Partner','Divorce',System Architects,Telecommunications,https://www.michael89.net,"Contact from System Architects",archived,Operations Manager
Richard Hernandez,patricia.martin342@mail.org,+1-510-784-3007,+1-469-151-7277,Male,28-3-1985,'Vendor','Single',Digital Transform,Finance,https://www.mary70.org,"Contact from Digital Transform",active,Consultant
Emily Martinez,patricia.gonzalez253@example.com,+1-294-706-9457,+1-727-823-1797,Female,24-5-1989,'Partner','Divorce',Innovation Labs,Telecommunications,https://www.linda83.net,"Contact from Innovation Labs",inactive,Business Analyst
Christopher Thomas,jane.lopez499@email.com,+1-528-280-2312,+1-991-234-9956,Male,23-1-1973,'Partner','Divorce',Globex Inc,Construction,https://www.charles44.co,"Contact from Globex Inc",active,Developer
Jane Lopez,jane.rodriguez524@email.com,+1-646-531-8424,+1-557-456-1444,Male,9-1-1985,'Vendor','Widowed',Tech Innovations,Energy,https://www.lisa76.co,"Contact from Tech Innovations",archived,Data Analyst
Jane Jackson,mary.jackson689@company.com,+1-464-483-2911,+1-169-416-6536,Female,15-7-1981,'Friend','Married',Tech Leaders,Transportation,https://www.jane93.com,"Contact from Tech Leaders",inactive,Product Manager
Jessica Gonzalez,charles.gonzalez164@business.net,+1-194-945-8697,+1-352-958-4083,Female,17-8-1979,'Friend','Widowed',Digital Transform,Manufacturing,https://www.john51.org,"Contact from Digital Transform",archived,Product Manager
John Taylor,sarah.garcia2@company.com,+1-488-967-6587,+1-646-232-7913,Male,26-10-1985,'Friend','Single',Smart Industries,Transportation,https://www.charles79.com,"Contact from Smart Industries",active,Developer
Lisa Martin,jane.brown638@mail.org,+1-955-570-6366,+1-402-605-2314,Male,13-8-1974,'Client','Widowed',Acme Corp,Entertainment,https://www.david35.io,"Contact from Acme Corp",active,Financial Analyst
Michael Anderson,william.thomas489@example.com,+1-909-187-7960,+1-417-745-9117,Male,4-12-1973,'Client','Married',Enterprise Solutions,Healthcare,https://www.michael81.io,"Contact from Enterprise Solutions",active,Operations Manager
Emily Rodriguez,christopher.garcia737@company.com,+1-882-242-8487,+1-947-718-9382,Male,17-5-1969,'Other','Married',Smart Industries,Entertainment,https://www.michael99.io,"Contact from Smart Industries",active,Business Analyst
Emily Miller,charles.anderson769@mail.org,+1-214-485-7945,+1-671-132-7832,Male,6-2-1986,'Friend','Widowed',Digital Transform,Manufacturing,https://www.john60.net,"Contact from Digital Transform",inactive,Data Analyst
Charles Smith,joseph.thomas30@business.net,+1-569-263-2673,+1-804-852-5587,Female,4-11-1984,'Partner','Divorce',Digital Transform,Education,https://www.david43.com,"Contact from Digital Transform",inactive,Operations Manager
Lisa Gonzalez,christopher.miller870@email.com,+1-125-405-4448,+1-540-681-2740,Female,3-7-1968,'Partner','Widowed',Tech Innovations,Finance,https://www.christopher53.co,"Contact from Tech Innovations",active,Marketing Manager
Emily Anderson,mary.jackson635@example.com,+1-959-667-9139,+1-836-532-8558,Male,22-7-1971,'Friend','Single',Smart Industries,Healthcare,https://www.james62.com,"Contact from Smart Industries",archived,Software Engineer
Jane Anderson,james.moore202@mail.org,+1-623-131-2312,+1-508-781-2553,Female,25-3-1973,'Vendor','Single',Digital Ventures,Energy,https://www.jennifer20.org,"Contact from Digital Ventures",inactive,Marketing Manager
Christopher Williams,mary.moore63@mail.org,+1-670-116-6767,+1-176-885-9550,Female,19-9-1994,'Friend','Married',System Architects,Education,https://www.emily3.org,"Contact from System Architects",inactive,Data Analyst
David Jones,james.jackson256@mail.org,+1-978-836-8545,+1-417-118-8260,Male,26-2-1987,'Vendor','Married',Future Systems,Agriculture,https://www.joseph89.io,"Contact from Future Systems",archived,Architect
Robert Thomas,emily.thomas643@example.com,+1-410-953-3532,+1-936-280-6356,Female,14-3-2001,'Other','Single',Enterprise Solutions,Healthcare,https://www.richard29.co,"Contact from Enterprise Solutions",inactive,Business Analyst
Amanda Johnson,jane.jackson646@company.com,+1-505-245-5481,+1-547-279-1287,Female,7-12-1971,'Other','Single',Tech Solutions,Healthcare,https://www.sarah64.co,"Contact from Tech Solutions",archived,Financial Analyst
James Hernandez,charles.thomas33@email.com,+1-830-690-2096,+1-479-889-8266,Female,15-7-1980,'Colleague','Single',Data Analytics,Retail,https://www.richard80.co,"Contact from Data Analytics",archived,Software Engineer
Jane Davis,joseph.jackson195@example.com,+1-128-717-2863,+1-358-293-4372,Female,13-8-1993,'Partner','Single',Enterprise Solutions,Telecommunications,https://www.emily30.org,"Contact from Enterprise Solutions",archived,Product Manager
Jessica Martin,linda.brown144@business.net,+1-731-282-2198,+1-453-754-1513,Male,11-11-2001,'Vendor','Widowed',Smart Industries,Entertainment,https://www.lisa37.com,"Contact from Smart Industries",inactive,Product Manager
Emily Moore,william.johnson49@example.com,+1-162-496-5064,+1-684-234-4522,Female,7-9-1982,'Colleague','Single',Tech Innovations,Manufacturing,https://www.david25.com,"Contact from Tech Innovations",inactive,Architect
Jennifer Garcia,william.davis360@company.com,+1-485-317-4085,+1-663-689-7457,Female,22-9-1966,'Colleague','Divorce',Digital Ventures,Manufacturing,https://www.david65.net,"Contact from Digital Ventures",archived,Director
Michael Miller,amanda.thomas596@mail.org,+1-326-948-1303,+1-447-447-4959,Female,22-10-1977,'Other','Married',Enterprise Solutions,Healthcare,https://www.linda34.co,"Contact from Enterprise Solutions",active,HR Manager
Jessica Rodriguez,jennifer.johnson62@company.com,+1-169-368-6270,+1-678-640-2357,Female,24-3-1971,'Vendor','Widowed',Data Analytics,Hospitality,https://www.william76.com,"Contact from Data Analytics",archived,Consultant
Robert Taylor,john.martin650@email.com,+1-271-756-5796,+1-889-923-2048,Female,8-6-1973,'Client','Widowed',Innovation Labs,Technology,https://www.emily59.co,"Contact from Innovation Labs",inactive,Business Analyst
John Hernandez,james.martin516@business.net,+1-887-946-9728,+1-501-237-8191,Male,16-9-1999,'Client','Married',Tech Solutions,Energy,https://www.james55.com,"Contact from Tech Solutions",archived,Marketing Manager
Joseph Wilson,michael.anderson587@example.com,+1-971-911-6216,+1-174-203-4860,Female,8-1-1980,'Colleague','Divorce',Data Analytics,Hospitality,https://www.joseph0.io,"Contact from Data Analytics",archived,Sales Executive
Mary Gonzalez,patricia.garcia817@company.com,+1-232-254-5763,+1-328-516-7060,Female,3-8-1973,'Other','Divorce',Innovation Labs,Healthcare,https://www.linda85.co,"Contact from Innovation Labs",active,Project Manager
John Gonzalez,emily.jackson105@mail.org,+1-874-371-7641,+1-160-252-1494,Female,18-10-1967,'Other','Married',Innovation Labs,Education,https://www.james39.co,"Contact from Innovation Labs",inactive,HR Manager
John Thomas,jessica.gonzalez657@example.com,+1-654-680-9143,+1-244-525-7396,Male,20-12-2000,'Vendor','Single',Acme Corp,Technology,https://www.jane57.org,"Contact from Acme Corp",archived,Financial Analyst
Jane Brown,sarah.lopez141@mail.org,+1-916-603-1624,+1-858-513-7931,Male,26-2-1994,'Other','Single',Future Systems,Hospitality,https://www.amanda51.org,"Contact from Future Systems",active,Operations Manager
Michael Hernandez,jane.gonzalez350@example.com,+1-956-635-9902,+1-727-338-1794,Female,20-11-1990,'Vendor','Married',Tech Solutions,Finance,https://www.lisa85.co,"Contact from Tech Solutions",archived,Systems Administrator
Richard Johnson,amanda.gonzalez937@mail.org,+1-235-706-7532,+1-172-733-9985,Female,23-6-1978,'Colleague','Widowed',Data Analytics,Finance,https://www.jane53.co,"Contact from Data Analytics",active,Project Manager
Michael Gonzalez,amanda.anderson145@email.com,+1-487-528-7981,+1-646-285-1533,Male,15-11-1991,'Friend','Widowed',Digital Transform,Finance,https://www.richard34.com,"Contact from Digital Transform",inactive,Project Manager
Robert Martin,amanda.gonzalez133@company.com,+1-886-638-7343,+1-472-988-2402,Female,1-12-1969,'Friend','Divorce',Digital Ventures,Hospitality,https://www.charles10.net,"Contact from Digital Ventures",archived,Developer
Robert Davis,mary.garcia431@email.com,+1-875-509-3925,+1-196-814-2821,Male,21-6-1971,'Partner','Divorce',Acme Corp,Agriculture,https://www.john40.io,"Contact from Acme Corp",active,Consultant
Richard Garcia,mary.taylor158@company.com,+1-285-139-7737,+1-904-310-1736,Female,8-9-1969,'Vendor','Widowed',Enterprise Solutions,Telecommunications,https://www.james81.co,"Contact from Enterprise Solutions",inactive,Data Analyst
David Jones,william.jones982@company.com,+1-348-663-4616,+1-464-677-2037,Male,7-5-1983,'Friend','Married',Innovation Labs,Construction,https://www.michael74.com,"Contact from Innovation Labs",inactive,HR Manager
Jennifer Taylor,david.jackson492@email.com,+1-479-578-2563,+1-440-900-2284,Female,22-7-1990,'Client','Married',System Architects,Retail,https://www.jane38.co,"Contact from System Architects",active,Architect
Jane Hernandez,jennifer.hernandez927@company.com,+1-990-283-3861,+1-254-128-8142,Female,12-4-1977,'Other','Divorce',Tech Innovations,Finance,https://www.jane39.org,"Contact from Tech Innovations",inactive,Developer
William Williams,charles.jackson37@mail.org,+1-455-645-3942,+1-999-389-9507,Female,16-2-1983,'Other','Single',Tech Innovations,Healthcare,https://www.jane79.com,"Contact from Tech Innovations",archived,Systems Administrator
Linda Taylor,patricia.anderson586@mail.org,+1-532-487-5822,+1-142-643-5194,Female,20-9-1998,'Other','Divorce',Future Systems,Telecommunications,https://www.emily2.net,"Contact from Future Systems",active,Financial Analyst
Patricia Davis,michael.davis388@mail.org,+1-942-823-7384,+1-359-989-3255,Male,18-2-1974,'Friend','Single',Smart Industries,Manufacturing,https://www.patricia76.com,"Contact from Smart Industries",active,Financial Analyst
Patricia Taylor,christopher.williams29@example.com,+1-734-365-2834,+1-688-345-9089,Male,5-9-1998,'Vendor','Single',Globex Inc,Transportation,https://www.patricia24.net,"Contact from Globex Inc",active,Consultant
Jessica Miller,joseph.anderson631@email.com,+1-873-583-7854,+1-116-807-9631,Male,12-4-1969,'Vendor','Single',NextGen Tech,Construction,https://www.michael47.com,"Contact from NextGen Tech",archived,Sales Executive
Charles Rodriguez,emily.gonzalez251@example.com,+1-615-404-1208,+1-323-182-7424,Female,7-2-2000,'Friend','Single',Acme Corp,Telecommunications,https://www.emily28.co,"Contact from Acme Corp",inactive,Software Engineer
Sarah Gonzalez,amanda.lopez184@mail.org,+1-904-650-9910,+1-135-327-5585,Male,4-6-1968,'Partner','Single',Globex Inc,Telecommunications,https://www.joseph62.net,"Contact from Globex Inc",archived,Software Engineer
Charles Martinez,charles.lopez483@business.net,+1-350-285-1243,+1-926-437-1020,Male,22-1-1986,'Partner','Divorce',Smart Industries,Consulting,https://www.linda80.org,"Contact from Smart Industries",active,Operations Manager
Richard Rodriguez,william.wilson917@email.com,+1-957-819-8339,+1-989-723-2423,Female,3-7-1993,'Vendor','Divorce',NextGen Tech,Healthcare,https://www.richard55.com,"Contact from NextGen Tech",inactive,Software Engineer
Amanda Hernandez,emily.jackson423@business.net,+1-293-136-2148,+1-228-367-7629,Male,27-6-2004,'Client','Married',Globex Inc,Retail,https://www.mary60.co,"Contact from Globex Inc",active,Systems Administrator
Patricia Garcia,christopher.jones422@mail.org,+1-770-794-8037,+1-970-541-9970,Female,14-6-1982,'Other','Married',Cloud Systems,Energy,https://www.john83.net,"Contact from Cloud Systems",archived,Systems Administrator
John Garcia,richard.smith543@example.com,+1-560-832-8685,+1-324-737-8115,Female,6-5-1977,'Friend','Widowed',Tech Leaders,Construction,https://www.amanda14.com,"Contact from Tech Leaders",active,Operations Manager
Richard Martinez,patricia.lopez964@company.com,+1-311-685-9713,+1-523-687-2881,Male,10-12-1970,'Colleague','Divorce',Digital Transform,Consulting,https://www.patricia74.co,"Contact from Digital Transform",active,Sales Executive
Sarah Jones,patricia.smith108@mail.org,+1-382-486-3431,+1-663-886-6484,Male,17-6-1972,'Client','Widowed',Smart Industries,Finance,https://www.christopher66.co,"Contact from Smart Industries",active,HR Manager
Linda Martin,emily.jackson180@business.net,+1-461-720-7055,+1-837-167-5087,Female,7-10-1978,'Partner','Married',Digital Transform,Entertainment,https://www.jennifer9.co,"Contact from Digital Transform",active,Operations Manager
Robert Martinez,william.jones411@business.net,+1-315-553-2805,+1-541-220-8695,Male,13-11-1997,'Friend','Single',Tech Innovations,Manufacturing,https://www.jane83.io,"Contact from Tech Innovations",active,Systems Administrator
Joseph Johnson,robert.hernandez640@business.net,+1-455-676-2417,+1-975-713-7429,Male,20-10-1969,'Colleague','Married',Digital Transform,Education,https://www.michael3.net,"Contact from Digital Transform",active,Developer
Charles Jones,james.williams333@business.net,+1-749-384-6726,+1-716-251-2557,Male,21-2-1968,'Client','Single',Smart Industries,Finance,https://www.michael3.net,"Contact from Smart Industries",active,Software Engineer
David Lopez,charles.miller243@example.com,+1-658-826-4113,+1-187-772-3203,Male,4-3-1995,'Friend','Single',Tech Solutions,Education,https://www.michael59.com,"Contact from Tech Solutions",archived,Consultant
Jessica Martin,christopher.gonzalez509@business.net,+1-715-444-2737,+1-410-900-9310,Female,18-10-1969,'Vendor','Single',Tech Solutions,Agriculture,https://www.charles19.net,"Contact from Tech Solutions",inactive,Sales Executive
Robert Miller,jessica.smith370@mail.org,+1-974-832-7279,+1-222-854-8681,Male,27-12-2004,'Colleague','Divorce',Data Analytics,Healthcare,https://www.richard90.com,"Contact from Data Analytics",inactive,Systems Administrator
John Hernandez,robert.gonzalez590@email.com,+1-764-883-7957,+1-552-260-3903,Male,23-2-1981,'Colleague','Single',Innovation Labs,Energy,https://www.christopher3.co,"Contact from Innovation Labs",inactive,Business Analyst
Robert Rodriguez,linda.jones299@mail.org,+1-355-470-7021,+1-734-938-8926,Female,3-11-1971,'Vendor','Single',NextGen Tech,Construction,https://www.john35.org,"Contact from NextGen Tech",active,Business Analyst
Jennifer Jackson,michael.johnson359@email.com,+1-934-363-3806,+1-715-436-2466,Female,8-5-1977,'Other','Divorce',NextGen Tech,Technology,https://www.william64.co,"Contact from NextGen Tech",inactive,Product Manager
Joseph Jones,michael.moore831@example.com,+1-687-599-9092,+1-832-882-3740,Male,9-4-1989,'Vendor','Single',Digital Transform,Finance,https://www.joseph66.co,"Contact from Digital Transform",archived,Product Manager
William Hernandez,emily.smith158@company.com,+1-584-567-7521,+1-559-115-8197,Male,22-8-2000,'Other','Widowed',Tech Innovations,Agriculture,https://www.charles87.co,"Contact from Tech Innovations",inactive,Architect
Jennifer Hernandez,richard.rodriguez170@company.com,+1-304-146-4655,+1-672-491-9628,Male,10-3-1973,'Other','Married',Innovation Labs,Technology,https://www.mary59.org,"Contact from Innovation Labs",archived,Business Analyst
Jessica Jackson,jane.brown176@email.com,+1-431-809-5554,+1-292-392-9630,Female,24-6-1985,'Partner','Single',Innovation Labs,Healthcare,https://www.richard56.io,"Contact from Innovation Labs",active,Financial Analyst
Jennifer Brown,joseph.jones614@mail.org,+1-644-778-5481,+1-115-577-1702,Female,21-8-1965,'Friend','Divorce',Innovation Labs,Technology,https://www.amanda83.net,"Contact from Innovation Labs",active,Operations Manager
Mary Jones,robert.jackson303@email.com,+1-617-515-9695,+1-339-287-7321,Female,10-6-1970,'Friend','Widowed',Tech Innovations,Telecommunications,https://www.jessica76.org,"Contact from Tech Innovations",inactive,Consultant
Lisa Williams,james.miller100@business.net,+1-339-469-7170,+1-267-339-9316,Male,3-9-1998,'Other','Widowed',Digital Transform,Construction,https://www.michael53.org,"Contact from Digital Transform",archived,Project Manager
David Taylor,christopher.smith812@example.com,+1-853-423-7976,+1-264-405-6098,Male,17-12-1973,'Partner','Widowed',Tech Leaders,Healthcare,https://www.sarah1.co,"Contact from Tech Leaders",active,Director
Mary Miller,michael.hernandez722@example.com,+1-953-174-3352,+1-157-242-4589,Male,26-5-1970,'Vendor','Single',System Architects,Agriculture,https://www.jennifer25.io,"Contact from System Architects",archived,Product Manager
Amanda Miller,christopher.miller581@mail.org,+1-706-556-1514,+1-189-450-7927,Male,15-12-1992,'Partner','Married',Innovation Labs,Agriculture,https://www.michael90.com,"Contact from Innovation Labs",inactive,Business Analyst
John Moore,joseph.anderson820@business.net,+1-604-399-4368,+1-880-582-7792,Male,26-8-1998,'Vendor','Married',NextGen Tech,Finance,https://www.mary74.com,"Contact from NextGen Tech",active,Operations Manager
Christopher Lopez,mary.rodriguez383@company.com,+1-510-640-4332,+1-338-652-3257,Female,11-10-1966,'Client','Married',Cloud Systems,Telecommunications,https://www.jessica5.org,"Contact from Cloud Systems",archived,HR Manager
Jane Moore,john.miller11@example.com,+1-314-227-8981,+1-365-275-7777,Female,5-4-1979,'Friend','Married',Future Systems,Education,https://www.sarah23.io,"Contact from Future Systems",inactive,Data Analyst
William Davis,linda.thomas44@email.com,+1-995-435-4241,+1-288-769-4290,Female,16-12-2002,'Partner','Widowed',NextGen Tech,Real Estate,https://www.sarah50.io,"Contact from NextGen Tech",inactive,Product Manager
Jane Miller,robert.garcia745@business.net,+1-718-378-9266,+1-617-251-1460,Female,17-11-1994,'Partner','Widowed',Acme Corp,Healthcare,https://www.mary46.net,"Contact from Acme Corp",inactive,Architect
John Brown,emily.rodriguez440@example.com,+1-195-353-6590,+1-355-335-9466,Male,15-9-1994,'Colleague','Married',Smart Industries,Manufacturing,https://www.mary78.org,"Contact from Smart Industries",active,Software Engineer
Joseph Moore,amanda.martin287@business.net,+1-705-724-9377,+1-633-987-9618,Female,13-9-1987,'Vendor','Married',Tech Innovations,Finance,https://www.mary50.net,"Contact from Tech Innovations",archived,Software Engineer
Amanda Davis,john.hernandez781@mail.org,+1-244-765-3945,+1-698-877-7007,Male,11-9-1969,'Partner','Widowed',System Architects,Education,https://www.christopher8.io,"Contact from System Architects",archived,Marketing Manager
Jennifer Thomas,michael.williams423@business.net,+1-902-981-1087,+1-588-358-6582,Male,11-12-1971,'Other','Divorce',System Architects,Finance,https://www.sarah35.net,"Contact from System Architects",active,Director
Michael Rodriguez,michael.brown87@business.net,+1-685-677-9086,+1-521-948-3283,Male,16-8-1996,'Client','Married',Innovation Labs,Consulting,https://www.joseph17.io,"Contact from Innovation Labs",active,Director
Jane Davis,richard.martin898@email.com,+1-916-920-1472,+1-852-316-3898,Female,14-9-1983,'Colleague','Divorce',Enterprise Solutions,Technology,https://www.joseph3.org,"Contact from Enterprise Solutions",archived,Project Manager
Jessica Jackson,lisa.anderson671@mail.org,+1-334-142-7561,+1-218-214-6874,Male,1-1-1993,'Colleague','Widowed',Tech Innovations,Telecommunications,https://www.jane77.net,"Contact from Tech Innovations",archived,Developer
Sarah Martin,robert.jones289@company.com,+1-996-968-8932,+1-127-141-9061,Male,27-6-1978,'Partner','Single',Data Analytics,Transportation,https://www.amanda34.com,"Contact from Data Analytics",active,Architect
James Smith,christopher.smith846@mail.org,+1-437-748-4938,+1-658-609-2786,Male,13-11-1973,'Partner','Widowed',Cloud Systems,Energy,https://www.joseph52.org,"Contact from Cloud Systems",archived,Project Manager
David Williams,emily.brown417@example.com,+1-403-599-2407,+1-996-175-7792,Female,17-4-1966,'Friend','Single',Innovation Labs,Healthcare,https://www.david92.org,"Contact from Innovation Labs",active,Sales Executive
Jessica Gonzalez,lisa.hernandez246@email.com,+1-127-848-8165,+1-561-717-8246,Female,15-7-1978,'Colleague','Married',Smart Industries,Construction,https://www.christopher58.io,"Contact from Smart Industries",active,Director
Linda Jackson,william.martin422@company.com,+1-926-559-5615,+1-210-306-1356,Male,8-2-1987,'Client','Divorce',Tech Leaders,Manufacturing,https://www.emily30.co,"Contact from Tech Leaders",active,Financial Analyst
Patricia Davis,robert.williams190@company.com,+1-719-307-1778,+1-902-844-5963,Female,26-11-1984,'Client','Divorce',Future Systems,Hospitality,https://www.linda37.com,"Contact from Future Systems",inactive,Systems Administrator
Joseph Anderson,william.smith792@email.com,+1-399-117-1911,+1-101-509-2386,Female,24-2-2003,'Client','Married',Tech Solutions,Education,https://www.james63.com,"Contact from Tech Solutions",archived,Developer
David Martinez,amanda.rodriguez198@company.com,+1-837-937-2495,+1-471-201-4772,Female,8-5-1968,'Other','Widowed',Tech Innovations,Agriculture,https://www.charles80.co,"Contact from Tech Innovations",inactive,Operations Manager
Michael Garcia,richard.smith311@business.net,+1-948-734-7769,+1-907-782-9207,Male,23-1-1988,'Client','Widowed',Data Analytics,Healthcare,https://www.mary34.io,"Contact from Data Analytics",active,Consultant
Jessica Martin,charles.anderson684@business.net,+1-664-666-4237,+1-468-440-7899,Male,9-6-2001,'Partner','Widowed',Globex Inc,Transportation,https://www.john13.co,"Contact from Globex Inc",inactive,Systems Administrator
Emily Miller,jennifer.rodriguez701@company.com,+1-446-467-7359,+1-482-384-4570,Male,15-6-1989,'Friend','Widowed',Tech Leaders,Manufacturing,https://www.lisa0.com,"Contact from Tech Leaders",inactive,Project Manager
Joseph Rodriguez,sarah.davis229@company.com,+1-638-627-7349,+1-775-777-7737,Female,6-8-1984,'Friend','Divorce',Acme Corp,Telecommunications,https://www.michael14.io,"Contact from Acme Corp",inactive,Architect
Patricia Martin,jennifer.jackson428@mail.org,+1-893-785-3045,+1-242-866-6247,Male,22-3-1984,'Client','Widowed',Acme Corp,Entertainment,https://www.michael66.org,"Contact from Acme Corp",archived,Director
Lisa Thomas,amanda.taylor144@email.com,+1-872-839-9159,+1-141-600-4636,Female,27-2-1972,'Client','Married',Innovation Labs,Manufacturing,https://www.charles28.org,"Contact from Innovation Labs",active,Developer
Lisa Lopez,joseph.wilson59@email.com,+1-934-719-6357,+1-716-110-2386,Male,15-8-2001,'Friend','Married',System Architects,Education,https://www.jessica58.com,"Contact from System Architects",archived,Financial Analyst
James Rodriguez,lisa.thomas975@example.com,+1-498-279-1467,+1-806-722-5026,Female,12-6-2004,'Partner','Widowed',Enterprise Solutions,Entertainment,https://www.robert50.org,"Contact from Enterprise Solutions",inactive,Operations Manager
Mary Martin,robert.rodriguez438@email.com,+1-552-682-6894,+1-770-658-2175,Female,3-2-1970,'Partner','Married',System Architects,Agriculture,https://www.william87.co,"Contact from System Architects",inactive,Data Analyst
Richard Wilson,jessica.davis681@business.net,+1-451-802-4015,+1-118-642-2505,Female,27-9-1995,'Colleague','Married',Future Systems,Consulting,https://www.amanda44.co,"Contact from Future Systems",active,Architect
William Williams,james.moore179@business.net,+1-872-844-5997,+1-332-687-7671,Female,3-3-1982,'Colleague','Widowed',Globex Inc,Healthcare,https://www.michael25.co,"Contact from Globex Inc",active,Consultant
Mary Jackson,john.williams160@example.com,+1-418-660-2702,+1-706-768-7431,Female,12-8-1971,'Partner','Divorce',Enterprise Solutions,Healthcare,https://www.charles77.net,"Contact from Enterprise Solutions",archived,Director
Jessica Hernandez,joseph.thomas922@business.net,+1-851-609-3361,+1-787-373-6522,Female,9-5-1983,'Vendor','Single',Digital Transform,Retail,https://www.jessica56.org,"Contact from Digital Transform",archived,Director
Jessica Jackson,james.garcia804@example.com,+1-785-467-1336,+1-508-571-1720,Female,17-11-1971,'Vendor','Single',Globex Inc,Manufacturing,https://www.richard63.co,"Contact from Globex Inc",archived,Director
Christopher Thomas,christopher.garcia274@company.com,+1-438-972-7838,+1-552-544-7562,Male,15-8-1990,'Colleague','Single',Innovation Labs,Manufacturing,https://www.linda58.com,"Contact from Innovation Labs",active,Operations Manager
William Smith,michael.jackson137@company.com,+1-306-166-3080,+1-705-301-1108,Male,14-11-1970,'Vendor','Divorce',Tech Innovations,Hospitality,https://www.joseph38.org,"Contact from Tech Innovations",archived,Project Manager
Jane Gonzalez,patricia.rodriguez338@company.com,+1-395-762-5689,+1-132-835-5392,Male,2-10-1980,'Vendor','Divorce',Tech Innovations,Education,https://www.david46.com,"Contact from Tech Innovations",inactive,Marketing Manager
William Rodriguez,michael.miller656@mail.org,+1-420-551-3799,+1-750-421-1897,Female,12-2-1967,'Colleague','Married',Digital Transform,Hospitality,https://www.christopher86.net,"Contact from Digital Transform",active,HR Manager
John Johnson,david.miller953@email.com,+1-397-325-6445,+1-282-303-4524,Male,28-3-1990,'Other','Married',Data Analytics,Hospitality,https://www.jennifer64.io,"Contact from Data Analytics",inactive,Director
Mary Williams,mary.brown610@example.com,+1-672-200-8213,+1-403-536-6368,Female,4-10-1999,'Colleague','Divorce',Smart Industries,Healthcare,https://www.jane91.com,"Contact from Smart Industries",inactive,Operations Manager
Christopher Rodriguez,james.williams578@company.com,+1-602-684-5137,+1-599-459-8525,Female,5-5-1970,'Vendor','Married',Tech Leaders,Entertainment,https://www.robert59.io,"Contact from Tech Leaders",active,Data Analyst
Amanda Brown,jessica.gonzalez838@example.com,+1-152-820-7993,+1-711-477-1258,Male,15-9-1979,'Friend','Divorce',Innovation Labs,Agriculture,https://www.michael85.org,"Contact from Innovation Labs",active,Data Analyst
David Williams,john.hernandez866@company.com,+1-620-825-2541,+1-291-694-6108,Female,15-7-1997,'Vendor','Widowed',Enterprise Solutions,Transportation,https://www.jane45.com,"Contact from Enterprise Solutions",inactive,Director
Amanda Thomas,linda.thomas718@company.com,+1-503-708-5405,+1-382-773-1936,Male,13-9-2000,'Vendor','Divorce',Tech Solutions,Consulting,https://www.michael22.com,"Contact from Tech Solutions",inactive,Sales Executive
Michael Martin,william.smith334@email.com,+1-323-695-3902,+1-462-755-5747,Female,6-6-1979,'Other','Single',System Architects,Energy,https://www.patricia67.co,"Contact from System Architects",active,HR Manager
Richard Jackson,christopher.miller753@business.net,+1-484-502-9893,+1-652-908-5054,Female,8-12-1983,'Other','Widowed',Data Analytics,Real Estate,https://www.christopher30.org,"Contact from Data Analytics",inactive,Sales Executive
David Jones,david.rodriguez949@email.com,+1-518-913-4574,+1-312-852-9081,Female,24-8-1973,'Partner','Single',Acme Corp,Consulting,https://www.david41.org,"Contact from Acme Corp",active,Data Analyst
Sarah Wilson,john.johnson178@email.com,+1-682-189-6775,+1-293-172-8893,Female,28-1-1977,'Colleague','Single',Tech Solutions,Manufacturing,https://www.michael66.io,"Contact from Tech Solutions",archived,Architect
Patricia Brown,mary.smith309@business.net,+1-514-371-2091,+1-258-339-6612,Male,21-9-1986,'Client','Widowed',Innovation Labs,Energy,https://www.emily20.co,"Contact from Innovation Labs",archived,Systems Administrator
Patricia Davis,lisa.garcia452@email.com,+1-443-945-2070,+1-734-853-4870,Female,8-6-2004,'Other','Single',Acme Corp,Education,https://www.jennifer37.io,"Contact from Acme Corp",archived,Sales Executive
William Thomas,patricia.brown405@mail.org,+1-440-715-4204,+1-407-315-2700,Female,7-10-1981,'Partner','Married',Smart Industries,Entertainment,https://www.william29.org,"Contact from Smart Industries",active,Sales Executive
Charles Brown,linda.williams265@business.net,+1-339-793-1204,+1-269-938-3098,Female,27-8-1980,'Friend','Married',Tech Leaders,Telecommunications,https://www.mary49.co,"Contact from Tech Leaders",archived,Architect
Robert Jones,charles.johnson674@email.com,+1-376-883-2881,+1-480-192-4079,Female,8-7-1979,'Other','Single',Globex Inc,Retail,https://www.lisa12.net,"Contact from Globex Inc",inactive,Financial Analyst
Emily Hernandez,richard.brown859@email.com,+1-820-900-7671,+1-706-799-7576,Female,9-8-1990,'Partner','Single',Innovation Labs,Telecommunications,https://www.christopher97.org,"Contact from Innovation Labs",active,Director
Jessica Miller,richard.lopez146@email.com,+1-204-511-3736,+1-467-927-7683,Male,24-6-1969,'Vendor','Married',Tech Solutions,Manufacturing,https://www.charles78.org,"Contact from Tech Solutions",active,Sales Executive
David Garcia,christopher.rodriguez537@business.net,+1-609-360-2791,+1-300-621-8099,Male,5-9-1977,'Colleague','Single',Acme Corp,Telecommunications,https://www.jessica96.com,"Contact from Acme Corp",archived,HR Manager
John Williams,james.miller723@mail.org,+1-520-966-4111,+1-178-402-6864,Male,7-3-1966,'Client','Married',Innovation Labs,Agriculture,https://www.jessica98.org,"Contact from Innovation Labs",inactive,Director
Jennifer Moore,amanda.williams639@example.com,+1-518-713-8583,+1-661-786-6561,Male,2-12-1969,'Partner','Married',Innovation Labs,Energy,https://www.charles82.io,"Contact from Innovation Labs",active,Project Manager
James Miller,jessica.gonzalez616@mail.org,+1-816-529-5549,+1-759-592-4136,Female,5-7-1986,'Other','Married',Tech Leaders,Consulting,https://www.lisa47.io,"Contact from Tech Leaders",archived,Data Analyst
Amanda Davis,charles.taylor467@company.com,+1-606-884-1037,+1-355-283-7098,Female,27-8-1984,'Client','Widowed',Acme Corp,Agriculture,https://www.sarah92.org,"Contact from Acme Corp",archived,HR Manager
David Miller,amanda.martinez164@business.net,+1-411-208-7249,+1-389-838-2463,Male,27-8-1988,'Colleague','Married',Enterprise Solutions,Construction,https://www.linda18.co,"Contact from Enterprise Solutions",archived,Business Analyst
Jennifer Wilson,john.martinez248@company.com,+1-388-949-2021,+1-955-711-5024,Male,3-12-2004,'Colleague','Married',Innovation Labs,Energy,https://www.john49.co,"Contact from Innovation Labs",active,Financial Analyst
Jessica Williams,christopher.brown493@company.com,+1-123-748-1073,+1-973-629-5341,Female,22-12-1985,'Friend','Widowed',Acme Corp,Healthcare,https://www.jessica36.io,"Contact from Acme Corp",inactive,Marketing Manager
John Johnson,linda.smith638@email.com,+1-741-189-1382,+1-464-350-6869,Male,23-5-2001,'Vendor','Single',Tech Leaders,Technology,https://www.robert42.org,"Contact from Tech Leaders",inactive,Consultant
Charles Jackson,jane.jackson217@mail.org,+1-125-392-2999,+1-426-713-1118,Male,3-7-1986,'Client','Single',Digital Transform,Agriculture,https://www.william84.org,"Contact from Digital Transform",inactive,Product Manager
Sarah Smith,william.moore45@email.com,+1-990-414-2356,+1-147-972-1919,Male,1-5-1982,'Colleague','Single',Acme Corp,Agriculture,https://www.david16.org,"Contact from Acme Corp",inactive,Product Manager
Richard Gonzalez,john.moore863@company.com,+1-426-292-9392,+1-617-947-7008,Female,3-6-1980,'Other','Divorce',Acme Corp,Construction,https://www.christopher31.com,"Contact from Acme Corp",active,Systems Administrator
James Taylor,jane.brown236@mail.org,+1-673-906-3523,+1-698-756-7123,Male,13-8-2000,'Other','Married',Smart Industries,Education,https://www.patricia49.org,"Contact from Smart Industries",active,Sales Executive
Lisa Johnson,sarah.rodriguez880@company.com,+1-520-437-4018,+1-677-998-8239,Male,18-10-1995,'Partner','Divorce',Globex Inc,Technology,https://www.jessica86.io,"Contact from Globex Inc",active,Sales Executive
Joseph Williams,jessica.garcia361@example.com,+1-693-175-1338,+1-440-879-2544,Male,7-8-1978,'Client','Married',Future Systems,Construction,https://www.richard59.net,"Contact from Future Systems",archived,Systems Administrator
Jessica Anderson,james.johnson441@company.com,+1-159-358-7139,+1-574-595-6921,Male,27-11-1997,'Partner','Divorce',Tech Leaders,Retail,https://www.charles49.net,"Contact from Tech Leaders",archived,Data Analyst
Jessica Martinez,robert.smith515@example.com,+1-145-657-5758,+1-180-259-4021,Male,4-8-1975,'Colleague','Single',Tech Solutions,Technology,https://www.robert93.net,"Contact from Tech Solutions",active,Operations Manager
William Davis,robert.jackson339@business.net,+1-601-100-7791,+1-848-537-6672,Male,2-1-2003,'Friend','Single',Tech Leaders,Retail,https://www.lisa24.io,"Contact from Tech Leaders",archived,HR Manager
Jennifer Jones,jennifer.martinez341@example.com,+1-309-758-3227,+1-927-658-4450,Female,15-9-1975,'Partner','Widowed',Smart Industries,Technology,https://www.james43.org,"Contact from Smart Industries",inactive,Operations Manager
Charles Hernandez,emily.brown960@company.com,+1-663-931-6907,+1-151-274-9352,Female,3-8-1975,'Friend','Single',Digital Transform,Energy,https://www.robert9.io,"Contact from Digital Transform",archived,Consultant
Lisa Davis,sarah.miller694@mail.org,+1-549-666-5788,+1-859-816-2679,Male,16-2-1998,'Other','Married',Cloud Systems,Entertainment,https://www.james52.net,"Contact from Cloud Systems",inactive,Consultant
Lisa Gonzalez,jane.taylor896@company.com,+1-279-210-7235,+1-718-769-4726,Female,20-11-1973,'Colleague','Divorce',Enterprise Solutions,Entertainment,https://www.james12.io,"Contact from Enterprise Solutions",inactive,Business Analyst
Charles Brown,jane.williams459@business.net,+1-391-717-3597,+1-632-999-7450,Male,3-12-2004,'Friend','Widowed',Innovation Labs,Entertainment,https://www.joseph54.io,"Contact from Innovation Labs",inactive,Data Analyst
Patricia Davis,robert.brown434@company.com,+1-725-510-2097,+1-117-294-2379,Male,9-2-1984,'Other','Widowed',Cloud Systems,Telecommunications,https://www.jane15.io,"Contact from Cloud Systems",archived,Developer
Jennifer Lopez,richard.thomas521@business.net,+1-208-684-3075,+1-587-387-7107,Female,27-8-1968,'Colleague','Married',Innovation Labs,Energy,https://www.lisa82.co,"Contact from Innovation Labs",inactive,Consultant
Amanda Rodriguez,emily.martin186@company.com,+1-469-543-8825,+1-503-766-5910,Male,18-1-1971,'Client','Widowed',Tech Solutions,Transportation,https://www.sarah88.org,"Contact from Tech Solutions",inactive,Systems Administrator
Richard Wilson,jane.rodriguez504@mail.org,+1-304-785-7080,+1-999-481-9153,Male,10-9-2002,'Other','Single',Enterprise Solutions,Education,https://www.emily86.co,"Contact from Enterprise Solutions",active,Software Engineer
Jane Johnson,jessica.hernandez996@email.com,+1-842-400-5854,+1-261-687-8026,Male,19-3-1989,'Client','Widowed',Future Systems,Education,https://www.richard28.io,"Contact from Future Systems",archived,Financial Analyst
John Williams,robert.jackson947@company.com,+1-947-638-4581,+1-417-910-5948,Male,13-4-1979,'Friend','Married',System Architects,Consulting,https://www.david93.org,"Contact from System Architects",inactive,Operations Manager
Sarah Taylor,patricia.miller532@mail.org,+1-531-755-2127,+1-949-973-4883,Female,11-6-1973,'Friend','Widowed',Digital Ventures,Hospitality,https://www.david98.com,"Contact from Digital Ventures",inactive,Director
Lisa Hernandez,patricia.gonzalez782@example.com,+1-139-580-9452,+1-652-328-3963,Female,14-6-1977,'Other','Single',Innovation Labs,Consulting,https://www.christopher27.com,"Contact from Innovation Labs",archived,HR Manager
Linda Martinez,david.martinez105@company.com,+1-161-120-6445,+1-349-301-7079,Female,2-6-1974,'Vendor','Divorce',Future Systems,Education,https://www.jennifer49.com,"Contact from Future Systems",inactive,Data Analyst
Charles Moore,amanda.martinez550@business.net,+1-382-224-9207,+1-375-942-3824,Female,20-5-1977,'Colleague','Married',Tech Solutions,Energy,https://www.linda95.com,"Contact from Tech Solutions",active,Sales Executive
William Wilson,william.hernandez851@business.net,+1-700-681-4362,+1-693-169-7666,Female,20-7-1980,'Other','Married',Future Systems,Retail,https://www.linda17.io,"Contact from Future Systems",active,Developer
Lisa Martin,john.garcia994@business.net,+1-654-935-5203,+1-231-794-4236,Male,28-7-1972,'Partner','Divorce',Tech Leaders,Hospitality,https://www.james0.com,"Contact from Tech Leaders",active,Product Manager
Jennifer Thomas,charles.williams775@email.com,+1-629-163-2507,+1-362-389-7953,Female,26-1-1999,'Client','Divorce',Tech Leaders,Telecommunications,https://www.linda77.io,"Contact from Tech Leaders",archived,Sales Executive
Christopher Brown,john.lopez992@mail.org,+1-434-711-1128,+1-540-414-3594,Male,23-1-1996,'Client','Single',Tech Innovations,Energy,https://www.emily47.io,"Contact from Tech Innovations",archived,HR Manager
Lisa Brown,linda.martin601@mail.org,+1-565-586-7878,+1-277-210-6683,Female,9-10-1986,'Client','Divorce',Enterprise Solutions,Hospitality,https://www.michael9.org,"Contact from Enterprise Solutions",active,Financial Analyst
Richard Miller,jane.moore230@email.com,+1-975-194-5107,+1-578-990-5103,Male,12-9-1967,'Friend','Married',Data Analytics,Finance,https://www.michael13.com,"Contact from Data Analytics",active,Developer
Christopher Thomas,amanda.smith774@company.com,+1-382-330-5411,+1-775-987-4896,Female,26-7-1993,'Client','Married',Tech Innovations,Agriculture,https://www.david52.io,"Contact from Tech Innovations",archived,Data Analyst
Joseph Martinez,linda.anderson873@company.com,+1-894-219-4495,+1-752-121-8432,Male,8-8-1970,'Partner','Widowed',Tech Innovations,Finance,https://www.christopher14.io,"Contact from Tech Innovations",inactive,Financial Analyst
Richard Jones,christopher.martinez124@email.com,+1-470-503-6010,+1-349-870-6964,Female,27-10-1996,'Client','Widowed',Innovation Labs,Technology,https://www.joseph18.org,"Contact from Innovation Labs",inactive,Architect
Charles Taylor,james.jones73@mail.org,+1-502-355-5976,+1-565-265-1768,Female,12-5-1985,'Friend','Widowed',Tech Leaders,Hospitality,https://www.michael18.org,"Contact from Tech Leaders",archived,Systems Administrator
David Moore,jane.rodriguez925@example.com,+1-410-549-7444,+1-428-492-4046,Male,23-8-1992,'Partner','Divorce',Innovation Labs,Construction,https://www.emily17.io,"Contact from Innovation Labs",archived,Product Manager
James Williams,john.brown74@example.com,+1-254-748-1657,+1-189-150-2335,Female,3-9-1992,'Client','Married',Future Systems,Telecommunications,https://www.michael7.io,"Contact from Future Systems",active,Marketing Manager
Jane Jones,james.martinez890@company.com,+1-638-294-9131,+1-258-725-3583,Female,17-3-1987,'Other','Single',Future Systems,Entertainment,https://www.lisa63.org,"Contact from Future Systems",active,Systems Administrator
John Lopez,jennifer.jackson920@mail.org,+1-727-231-3354,+1-977-654-4075,Male,17-2-1988,'Vendor','Divorce',Digital Ventures,Healthcare,https://www.christopher11.co,"Contact from Digital Ventures",inactive,Developer
Richard Taylor,amanda.rodriguez601@company.com,+1-863-129-8273,+1-534-305-1975,Female,10-10-1995,'Other','Widowed',Acme Corp,Manufacturing,https://www.jessica8.io,"Contact from Acme Corp",inactive,Developer
Amanda Rodriguez,richard.jackson830@example.com,+1-368-800-4944,+1-491-807-4070,Male,15-12-1982,'Client','Single',Globex Inc,Entertainment,https://www.patricia38.io,"Contact from Globex Inc",active,HR Manager
Lisa Jackson,sarah.lopez847@mail.org,+1-195-605-2896,+1-285-525-3638,Male,25-10-1978,'Friend','Widowed',Tech Solutions,Healthcare,https://www.jessica98.net,"Contact from Tech Solutions",archived,Financial Analyst
Michael Jackson,charles.thomas320@email.com,+1-456-463-5737,+1-224-764-6482,Female,28-9-1978,'Partner','Married',Tech Innovations,Energy,https://www.james76.net,"Contact from Tech Innovations",archived,Architect
Jane Hernandez,jane.martinez811@business.net,+1-141-336-9340,+1-338-661-4807,Male,15-9-1993,'Friend','Single',Tech Solutions,Healthcare,https://www.jane65.org,"Contact from Tech Solutions",active,Product Manager
Lisa Martinez,robert.martin580@example.com,+1-632-496-8467,+1-706-525-7921,Male,13-6-2001,'Partner','Single',Innovation Labs,Consulting,https://www.amanda57.com,"Contact from Innovation Labs",archived,Software Engineer
John Brown,robert.lopez958@email.com,+1-482-491-7671,+1-330-975-2072,Female,25-5-1982,'Partner','Single',Smart Industries,Hospitality,https://www.joseph46.io,"Contact from Smart Industries",active,Marketing Manager
David Hernandez,richard.lopez115@example.com,+1-340-241-1665,+1-692-495-1963,Male,11-8-1965,'Colleague','Divorce',Cloud Systems,Construction,https://www.sarah48.net,"Contact from Cloud Systems",archived,Business Analyst
John Taylor,jessica.thomas42@mail.org,+1-684-852-9876,+1-659-219-9858,Male,19-12-1988,'Partner','Married',Tech Innovations,Agriculture,https://www.sarah33.org,"Contact from Tech Innovations",active,Architect
James Hernandez,jane.rodriguez707@example.com,+1-994-662-1299,+1-521-842-1008,Male,19-7-1992,'Vendor','Widowed',Data Analytics,Construction,https://www.jennifer29.org,"Contact from Data Analytics",archived,Operations Manager
David Taylor,mary.johnson394@email.com,+1-376-800-1992,+1-177-654-2296,Female,12-1-2004,'Colleague','Divorce',Innovation Labs,Consulting,https://www.emily78.org,"Contact from Innovation Labs",active,Business Analyst
Charles Smith,patricia.garcia631@business.net,+1-129-919-6222,+1-868-724-9593,Female,11-12-2000,'Friend','Widowed',Enterprise Solutions,Technology,https://www.christopher23.co,"Contact from Enterprise Solutions",inactive,Project Manager
John Gonzalez,jennifer.jackson776@business.net,+1-542-699-8096,+1-907-582-6239,Female,10-10-1974,'Friend','Married',Cloud Systems,Hospitality,https://www.michael34.co,"Contact from Cloud Systems",inactive,HR Manager
James Martinez,amanda.hernandez576@mail.org,+1-439-585-7584,+1-540-952-3322,Female,2-1-1968,'Vendor','Single',Tech Innovations,Construction,https://www.amanda36.com,"Contact from Tech Innovations",active,Director
William Miller,sarah.johnson648@example.com,+1-438-371-1492,+1-233-336-4423,Female,25-7-1980,'Client','Divorce',Cloud Systems,Entertainment,https://www.mary12.org,"Contact from Cloud Systems",inactive,Operations Manager
Amanda Wilson,charles.jackson642@email.com,+1-983-731-5641,+1-256-988-4330,Male,26-7-1971,'Partner','Married',Digital Ventures,Real Estate,https://www.joseph16.com,"Contact from Digital Ventures",archived,Data Analyst
Richard Brown,jessica.jackson505@company.com,+1-463-142-1014,+1-319-483-9334,Male,7-2-1996,'Colleague','Divorce',Tech Innovations,Finance,https://www.charles9.com,"Contact from Tech Innovations",active,Data Analyst
Richard Brown,john.lopez840@email.com,+1-814-198-7323,+1-249-809-7868,Male,2-5-1992,'Vendor','Single',Future Systems,Manufacturing,https://www.emily15.com,"Contact from Future Systems",archived,Financial Analyst
Jessica Smith,linda.wilson980@email.com,+1-415-781-6593,+1-470-506-8326,Female,16-8-1968,'Other','Single',Acme Corp,Entertainment,https://www.emily72.co,"Contact from Acme Corp",active,Consultant
John Davis,jane.miller803@company.com,+1-621-950-4517,+1-878-807-6110,Female,7-8-1982,'Partner','Divorce',Acme Corp,Education,https://www.jane51.net,"Contact from Acme Corp",active,Operations Manager
Joseph Rodriguez,patricia.brown344@email.com,+1-191-895-4510,+1-473-429-8575,Male,17-2-1992,'Other','Widowed',Tech Leaders,Entertainment,https://www.john4.co,"Contact from Tech Leaders",active,Data Analyst
Mary Hernandez,joseph.williams580@company.com,+1-341-469-2362,+1-908-838-9103,Female,2-1-1995,'Other','Single',Acme Corp,Agriculture,https://www.charles38.co,"Contact from Acme Corp",active,Director
Jane Taylor,linda.anderson746@email.com,+1-478-507-2895,+1-428-359-5407,Female,3-10-1999,'Other','Widowed',Tech Innovations,Education,https://www.richard94.co,"Contact from Tech Innovations",inactive,Product Manager
Jennifer Thomas,jennifer.martin181@company.com,+1-495-323-3874,+1-417-708-5839,Male,5-10-1966,'Friend','Single',Cloud Systems,Agriculture,https://www.linda82.com,"Contact from Cloud Systems",active,Director
Mary Martinez,sarah.martinez291@example.com,+1-114-760-5204,+1-256-947-8788,Male,5-1-1969,'Friend','Widowed',NextGen Tech,Education,https://www.jessica41.org,"Contact from NextGen Tech",archived,Financial Analyst
Patricia Jackson,david.garcia747@mail.org,+1-504-699-8435,+1-588-969-3842,Male,23-4-1994,'Vendor','Married',Smart Industries,Hospitality,https://www.patricia94.co,"Contact from Smart Industries",inactive,Developer
Charles Davis,richard.williams98@email.com,+1-981-714-9369,+1-463-198-2860,Female,4-12-1971,'Friend','Divorce',Enterprise Solutions,Technology,https://www.linda25.net,"Contact from Enterprise Solutions",archived,HR Manager
Richard Hernandez,richard.jones39@business.net,+1-928-322-1655,+1-115-757-4293,Female,18-12-1999,'Partner','Married',Tech Innovations,Energy,https://www.james88.com,"Contact from Tech Innovations",archived,HR Manager
Joseph Jackson,patricia.williams798@example.com,+1-817-141-1144,+1-352-790-8896,Female,13-2-2004,'Other','Divorce',Tech Innovations,Real Estate,https://www.sarah4.com,"Contact from Tech Innovations",active,Sales Executive
Richard Rodriguez,patricia.garcia280@mail.org,+1-311-690-7314,+1-798-647-4668,Female,22-10-2001,'Other','Single',Globex Inc,Technology,https://www.lisa10.com,"Contact from Globex Inc",active,Project Manager
Sarah Anderson,robert.brown883@company.com,+1-373-665-3621,+1-469-996-5337,Male,21-5-1984,'Partner','Single',Digital Ventures,Consulting,https://www.patricia30.com,"Contact from Digital Ventures",active,Data Analyst
Sarah Thomas,patricia.rodriguez340@example.com,+1-636-271-6702,+1-532-696-5357,Male,24-4-1997,'Partner','Widowed',Tech Innovations,Hospitality,https://www.lisa12.co,"Contact from Tech Innovations",active,Financial Analyst
Patricia Jones,jennifer.moore719@email.com,+1-807-843-6060,+1-249-590-6364,Female,13-11-1976,'Other','Married',Data Analytics,Technology,https://www.amanda37.net,"Contact from Data Analytics",inactive,Director
Jane Wilson,john.williams13@mail.org,+1-803-893-9813,+1-386-515-7223,Male,2-1-1980,'Partner','Single',System Architects,Hospitality,https://www.linda27.com,"Contact from System Architects",inactive,Business Analyst
Jennifer Jones,emily.jones371@company.com,+1-993-115-9410,+1-392-100-1897,Female,5-2-1968,'Partner','Single',System Architects,Telecommunications,https://www.patricia79.co,"Contact from System Architects",active,Data Analyst
Christopher Jackson,william.taylor244@company.com,+1-951-736-4285,+1-204-272-5176,Male,17-7-1976,'Vendor','Widowed',Enterprise Solutions,Education,https://www.sarah86.net,"Contact from Enterprise Solutions",archived,Consultant
Jessica Jones,jennifer.gonzalez462@email.com,+1-675-117-2442,+1-713-524-3118,Male,22-10-1974,'Friend','Married',Digital Ventures,Manufacturing,https://www.lisa83.com,"Contact from Digital Ventures",active,Architect
Amanda Johnson,patricia.lopez961@mail.org,+1-626-269-1213,+1-972-307-6522,Female,16-3-1977,'Friend','Divorce',Tech Solutions,Consulting,https://www.emily50.co,"Contact from Tech Solutions",inactive,Project Manager
Jennifer Miller,william.rodriguez814@email.com,+1-209-727-3370,+1-467-980-6326,Male,21-6-1998,'Vendor','Married',Tech Leaders,Transportation,https://www.robert56.io,"Contact from Tech Leaders",active,Data Analyst
Michael Williams,james.gonzalez62@mail.org,+1-349-618-3402,+1-858-382-8768,Male,12-9-1969,'Colleague','Married',Digital Transform,Manufacturing,https://www.amanda21.com,"Contact from Digital Transform",active,Systems Administrator
Richard Rodriguez,amanda.jackson726@company.com,+1-831-957-2375,+1-433-248-1783,Female,6-11-1998,'Vendor','Widowed',Tech Innovations,Healthcare,https://www.david39.io,"Contact from Tech Innovations",inactive,Product Manager
Mary Smith,john.gonzalez816@example.com,+1-919-260-6255,+1-322-564-7824,Male,15-10-1995,'Vendor','Divorce',Globex Inc,Agriculture,https://www.patricia20.net,"Contact from Globex Inc",active,Director
Michael Gonzalez,charles.miller365@example.com,+1-600-622-4956,+1-602-627-8832,Female,15-4-1970,'Client','Single',Globex Inc,Agriculture,https://www.jessica67.io,"Contact from Globex Inc",archived,Financial Analyst
Jane Rodriguez,linda.miller127@example.com,+1-652-442-2903,+1-424-950-6152,Female,11-8-1970,'Other','Married',Future Systems,Education,https://www.sarah37.co,"Contact from Future Systems",active,Business Analyst
Michael Miller,david.anderson391@mail.org,+1-344-485-5893,+1-551-709-1687,Female,25-4-1989,'Colleague','Divorce',Cloud Systems,Entertainment,https://www.sarah68.com,"Contact from Cloud Systems",inactive,Software Engineer
Patricia Davis,patricia.rodriguez291@company.com,+1-795-961-7161,+1-878-702-8805,Female,20-4-1987,'Client','Single',Acme Corp,Manufacturing,https://www.jessica0.net,"Contact from Acme Corp",inactive,Developer
Sarah Gonzalez,christopher.johnson573@example.com,+1-204-204-3259,+1-445-221-8646,Female,17-7-1987,'Client','Single',Acme Corp,Hospitality,https://www.david57.com,"Contact from Acme Corp",active,Financial Analyst
Christopher Martin,sarah.moore188@company.com,+1-326-655-6901,+1-502-942-8852,Male,11-8-1989,'Client','Single',Data Analytics,Manufacturing,https://www.jessica74.co,"Contact from Data Analytics",archived,Consultant
Jessica Miller,david.garcia25@mail.org,+1-474-667-5800,+1-558-271-9353,Male,28-1-1992,'Friend','Widowed',NextGen Tech,Healthcare,https://www.sarah28.net,"Contact from NextGen Tech",active,Consultant
Linda Davis,john.smith294@company.com,+1-310-398-3554,+1-591-968-5259,Male,15-7-1979,'Friend','Divorce',Digital Ventures,Construction,https://www.emily83.io,"Contact from Digital Ventures",archived,Financial Analyst
Lisa Johnson,patricia.jones223@business.net,+1-124-286-7964,+1-258-834-5649,Male,22-8-1982,'Other','Divorce',NextGen Tech,Energy,https://www.christopher16.com,"Contact from NextGen Tech",archived,Developer
John Wilson,charles.hernandez758@business.net,+1-818-612-3404,+1-701-901-9574,Male,5-12-1968,'Friend','Married',Enterprise Solutions,Construction,https://www.amanda50.io,"Contact from Enterprise Solutions",active,Data Analyst
Sarah Anderson,amanda.taylor95@company.com,+1-575-458-3102,+1-227-608-1850,Female,4-9-1995,'Client','Married',Smart Industries,Finance,https://www.joseph60.net,"Contact from Smart Industries",active,Systems Administrator
Amanda Davis,michael.martin395@company.com,+1-716-369-8729,+1-739-915-2218,Female,20-12-1997,'Partner','Single',System Architects,Energy,https://www.john88.com,"Contact from System Architects",active,Sales Executive
John Jackson,joseph.johnson91@company.com,+1-983-641-4396,+1-625-117-8736,Male,16-3-1976,'Vendor','Widowed',Globex Inc,Agriculture,https://www.robert7.org,"Contact from Globex Inc",inactive,Financial Analyst
Joseph Rodriguez,christopher.taylor858@example.com,+1-418-510-1894,+1-383-136-1048,Male,12-7-1973,'Other','Widowed',Tech Leaders,Finance,https://www.emily72.net,"Contact from Tech Leaders",active,Software Engineer
Michael Martin,linda.lopez325@email.com,+1-552-443-4417,+1-148-648-6481,Male,15-3-1996,'Partner','Widowed',Tech Leaders,Healthcare,https://www.jane63.co,"Contact from Tech Leaders",active,Marketing Manager
Charles Brown,james.williams783@business.net,+1-577-621-5521,+1-136-812-5065,Male,24-4-2000,'Colleague','Divorce',Digital Ventures,Real Estate,https://www.patricia46.co,"Contact from Digital Ventures",inactive,Operations Manager
Charles Garcia,robert.martin399@example.com,+1-553-794-6935,+1-669-150-2790,Female,20-10-2001,'Client','Single',Tech Leaders,Consulting,https://www.linda2.io,"Contact from Tech Leaders",active,Consultant
Linda Williams,charles.anderson807@email.com,+1-335-269-9436,+1-402-293-7750,Male,16-11-1984,'Vendor','Divorce',Tech Solutions,Consulting,https://www.david93.com,"Contact from Tech Solutions",inactive,Business Analyst
Jane Thomas,mary.smith970@example.com,+1-313-292-9291,+1-544-785-6550,Male,18-6-1980,'Client','Married',Future Systems,Construction,https://www.jane84.io,"Contact from Future Systems",inactive,Developer
John Jackson,lisa.rodriguez79@company.com,+1-609-430-4573,+1-644-739-1021,Female,13-11-1972,'Vendor','Widowed',Enterprise Solutions,Healthcare,https://www.joseph54.io,"Contact from Enterprise Solutions",inactive,Sales Executive
Robert Lopez,richard.garcia829@business.net,+1-930-926-6591,+1-486-279-6850,Male,25-12-1989,'Friend','Single',Smart Industries,Agriculture,https://www.amanda82.net,"Contact from Smart Industries",archived,Data Analyst
James Davis,robert.johnson252@business.net,+1-504-294-1613,+1-956-511-7314,Female,2-5-1971,'Other','Widowed',Tech Leaders,Agriculture,https://www.charles84.io,"Contact from Tech Leaders",active,Consultant
Charles Martin,richard.hernandez179@email.com,+1-204-294-6882,+1-132-674-2259,Male,22-5-1990,'Other','Divorce',NextGen Tech,Energy,https://www.michael6.com,"Contact from NextGen Tech",active,Developer
Amanda Garcia,patricia.williams968@business.net,+1-952-347-1911,+1-503-763-8687,Male,26-10-1980,'Colleague','Divorce',Digital Ventures,Construction,https://www.lisa10.io,"Contact from Digital Ventures",archived,Systems Administrator
Amanda Hernandez,john.taylor592@example.com,+1-761-555-1123,+1-271-650-8672,Male,22-1-2004,'Other','Single',Globex Inc,Real Estate,https://www.lisa83.com,"Contact from Globex Inc",archived,Data Analyst
James Anderson,charles.miller857@company.com,+1-141-985-9097,+1-746-850-4134,Female,1-12-1999,'Other','Single',Tech Solutions,Technology,https://www.patricia70.com,"Contact from Tech Solutions",active,Architect
Amanda Anderson,william.hernandez121@company.com,+1-381-772-5535,+1-944-565-2368,Male,26-10-1980,'Partner','Single',Innovation Labs,Agriculture,https://www.linda82.com,"Contact from Innovation Labs",active,Consultant
Linda Brown,robert.johnson759@example.com,+1-888-533-9116,+1-143-355-5621,Male,7-12-1971,'Friend','Single',Digital Transform,Energy,https://www.robert18.com,"Contact from Digital Transform",active,Developer
Emily Brown,amanda.anderson116@business.net,+1-126-207-8387,+1-319-911-5393,Male,26-1-2003,'Other','Married',Digital Transform,Hospitality,https://www.michael91.net,"Contact from Digital Transform",inactive,Consultant
Joseph Wilson,david.taylor742@email.com,+1-391-633-1997,+1-842-140-4419,Female,5-2-2001,'Other','Single',Data Analytics,Energy,https://www.christopher60.io,"Contact from Data Analytics",inactive,Consultant
Charles Davis,linda.jackson214@mail.org,+1-272-839-5251,+1-404-341-8392,Male,9-7-1969,'Friend','Divorce',Innovation Labs,Technology,https://www.amanda57.net,"Contact from Innovation Labs",inactive,Financial Analyst
James Lopez,william.wilson121@mail.org,+1-324-565-6837,+1-274-774-3028,Female,13-2-1989,'Partner','Widowed',Tech Solutions,Construction,https://www.michael3.org,"Contact from Tech Solutions",archived,Director
Jane Davis,richard.hernandez172@mail.org,+1-151-286-7670,+1-897-722-4456,Male,19-10-1966,'Partner','Married',Tech Leaders,Finance,https://www.emily89.net,"Contact from Tech Leaders",archived,Consultant
Sarah Gonzalez,jennifer.johnson325@mail.org,+1-566-461-2601,+1-108-768-8554,Female,21-11-1983,'Partner','Single',Cloud Systems,Hospitality,https://www.robert66.net,"Contact from Cloud Systems",active,Director
Linda Martin,michael.taylor346@company.com,+1-162-493-9794,+1-161-538-6428,Male,28-3-1980,'Colleague','Widowed',Future Systems,Agriculture,https://www.john66.io,"Contact from Future Systems",active,Marketing Manager
James Smith,mary.garcia543@business.net,+1-646-839-7474,+1-580-644-9838,Male,16-1-1998,'Client','Married',Digital Transform,Healthcare,https://www.linda72.net,"Contact from Digital Transform",active,Business Analyst
Lisa Thomas,joseph.brown799@mail.org,+1-895-747-1653,+1-276-696-8401,Male,25-4-1965,'Friend','Divorce',Future Systems,Consulting,https://www.jennifer72.co,"Contact from Future Systems",inactive,Marketing Manager
David Smith,lisa.gonzalez766@mail.org,+1-948-633-7766,+1-887-467-4975,Male,13-6-1992,'Friend','Widowed',Smart Industries,Entertainment,https://www.lisa80.io,"Contact from Smart Industries",active,Software Engineer
Jessica Davis,amanda.taylor575@mail.org,+1-669-135-9573,+1-163-464-6988,Female,15-12-1966,'Client','Married',Tech Solutions,Technology,https://www.sarah51.co,"Contact from Tech Solutions",active,Software Engineer
Richard Martin,joseph.williams497@mail.org,+1-237-286-4842,+1-692-191-7060,Female,8-4-1969,'Partner','Single',Tech Leaders,Construction,https://www.david94.co,"Contact from Tech Leaders",inactive,Software Engineer
Jennifer Gonzalez,emily.moore545@email.com,+1-409-128-2934,+1-997-677-6642,Female,7-8-1970,'Vendor','Married',Tech Leaders,Technology,https://www.michael15.io,"Contact from Tech Leaders",active,Project Manager
John Martin,michael.hernandez127@company.com,+1-416-992-3561,+1-652-244-9775,Female,8-2-1991,'Friend','Divorce',Acme Corp,Transportation,https://www.lisa11.co,"Contact from Acme Corp",active,Financial Analyst
Jane Martin,joseph.gonzalez363@business.net,+1-887-302-2039,+1-498-590-3639,Female,19-8-1972,'Other','Married',System Architects,Construction,https://www.mary12.co,"Contact from System Architects",active,Sales Executive
Sarah Martinez,david.gonzalez616@email.com,+1-160-636-2211,+1-112-878-6021,Male,17-12-1971,'Client','Divorce',Digital Ventures,Finance,https://www.william59.org,"Contact from Digital Ventures",active,Systems Administrator
John Brown,jennifer.lopez51@mail.org,+1-930-630-5022,+1-686-540-9001,Female,6-7-1997,'Friend','Widowed',Tech Solutions,Education,https://www.sarah79.org,"Contact from Tech Solutions",inactive,Software Engineer
Michael Garcia,lisa.anderson957@email.com,+1-467-858-5224,+1-328-576-7280,Female,16-8-1995,'Client','Widowed',Tech Solutions,Entertainment,https://www.jennifer50.org,"Contact from Tech Solutions",active,Project Manager
William Jones,patricia.anderson776@email.com,+1-945-147-5590,+1-239-786-3466,Male,19-6-1982,'Other','Divorce',Future Systems,Agriculture,https://www.john31.org,"Contact from Future Systems",active,Architect
John Thomas,david.rodriguez637@email.com,+1-737-681-6418,+1-567-669-4822,Male,2-2-1979,'Client','Divorce',NextGen Tech,Manufacturing,https://www.michael28.io,"Contact from NextGen Tech",inactive,Financial Analyst
Richard Wilson,lisa.moore176@email.com,+1-694-617-4194,+1-727-732-3325,Female,22-12-1991,'Client','Single',Acme Corp,Transportation,https://www.james14.io,"Contact from Acme Corp",active,Consultant
Charles Lopez,linda.jones9@example.com,+1-437-277-7004,+1-465-733-6187,Female,4-10-1979,'Other','Single',NextGen Tech,Education,https://www.linda0.org,"Contact from NextGen Tech",inactive,Sales Executive
Jane Martinez,linda.williams102@email.com,+1-241-176-2836,+1-922-889-6114,Female,10-9-1996,'Vendor','Single',Globex Inc,Agriculture,https://www.richard86.net,"Contact from Globex Inc",active,Systems Administrator
Emily Johnson,jessica.rodriguez713@company.com,+1-523-324-1181,+1-832-425-4530,Female,14-12-1986,'Colleague','Single',Tech Leaders,Energy,https://www.charles12.io,"Contact from Tech Leaders",active,Developer
Robert Jones,christopher.moore698@company.com,+1-396-990-3083,+1-781-807-7838,Male,11-9-1966,'Colleague','Divorce',NextGen Tech,Entertainment,https://www.james48.net,"Contact from NextGen Tech",active,Consultant
Linda Miller,jessica.smith500@company.com,+1-255-508-5137,+1-470-582-8073,Female,15-12-1989,'Colleague','Married',Globex Inc,Retail,https://www.sarah44.org,"Contact from Globex Inc",archived,Software Engineer
Emily Thomas,william.hernandez200@mail.org,+1-119-842-7264,+1-701-591-7472,Male,26-5-1984,'Friend','Married',System Architects,Energy,https://www.joseph82.co,"Contact from System Architects",archived,Systems Administrator
Joseph Jones,jessica.williams816@mail.org,+1-105-636-3935,+1-636-317-7531,Male,28-9-1987,'Colleague','Married',Innovation Labs,Real Estate,https://www.linda14.com,"Contact from Innovation Labs",active,Sales Executive
Robert Miller,david.martinez390@mail.org,+1-929-160-9501,+1-234-915-8013,Female,25-12-1975,'Client','Widowed',Smart Industries,Technology,https://www.amanda27.io,"Contact from Smart Industries",active,Data Analyst
Patricia Taylor,david.martin348@company.com,+1-192-824-5531,+1-893-487-8057,Female,2-4-1988,'Colleague','Divorce',Tech Solutions,Transportation,https://www.robert77.org,"Contact from Tech Solutions",inactive,Data Analyst
Patricia Thomas,linda.lopez597@company.com,+1-138-847-6543,+1-293-200-4068,Female,8-9-1967,'Partner','Married',Tech Solutions,Consulting,https://www.joseph87.net,"Contact from Tech Solutions",active,Operations Manager
Patricia Wilson,emily.miller392@mail.org,+1-933-366-8331,+1-236-983-2446,Female,12-4-1984,'Vendor','Single',Smart Industries,Manufacturing,https://www.amanda67.com,"Contact from Smart Industries",archived,Director
Patricia Smith,charles.johnson256@business.net,+1-479-818-6337,+1-434-236-3928,Female,12-3-2004,'Vendor','Married',Innovation Labs,Hospitality,https://www.john25.com,"Contact from Innovation Labs",inactive,Sales Executive
Charles Lopez,william.anderson277@business.net,+1-981-903-1104,+1-218-566-8369,Female,18-9-1966,'Partner','Married',Digital Transform,Energy,https://www.linda60.org,"Contact from Digital Transform",active,Operations Manager
Sarah Brown,sarah.brown64@company.com,+1-985-571-6100,+1-300-980-3234,Female,1-4-1989,'Other','Divorce',Globex Inc,Energy,https://www.sarah44.io,"Contact from Globex Inc",active,Systems Administrator
James Wilson,jessica.jones411@example.com,+1-881-911-4793,+1-845-802-8795,Female,15-10-2001,'Partner','Single',Digital Ventures,Transportation,https://www.jane46.org,"Contact from Digital Ventures",archived,HR Manager
Patricia Smith,robert.moore100@company.com,+1-190-627-5400,+1-297-595-4610,Female,17-12-1989,'Client','Married',Future Systems,Retail,https://www.jane34.org,"Contact from Future Systems",archived,Business Analyst
Robert Smith,jessica.martinez169@email.com,+1-778-854-3260,+1-413-431-3391,Male,18-12-1994,'Client','Divorce',Innovation Labs,Healthcare,https://www.jessica92.io,"Contact from Innovation Labs",active,Financial Analyst
Robert Thomas,amanda.martinez917@email.com,+1-725-131-2604,+1-628-591-4402,Female,12-12-1989,'Colleague','Single',Tech Innovations,Technology,https://www.amanda6.org,"Contact from Tech Innovations",active,Financial Analyst
Michael Gonzalez,robert.martinez293@company.com,+1-733-252-2068,+1-318-756-8227,Male,25-9-1983,'Friend','Divorce',Globex Inc,Education,https://www.linda48.org,"Contact from Globex Inc",archived,Business Analyst
Linda Davis,mary.jones478@business.net,+1-120-290-8417,+1-638-836-9453,Female,2-2-1979,'Vendor','Single',Digital Transform,Real Estate,https://www.michael80.co,"Contact from Digital Transform",active,HR Manager
John Rodriguez,charles.martin580@company.com,+1-428-271-1868,+1-987-120-6995,Male,27-2-1998,'Other','Divorce',Tech Solutions,Retail,https://www.joseph6.org,"Contact from Tech Solutions",inactive,Marketing Manager
Linda Miller,jennifer.davis770@mail.org,+1-891-259-9402,+1-795-607-3733,Male,18-10-1988,'Vendor','Single',System Architects,Retail,https://www.michael6.co,"Contact from System Architects",active,Systems Administrator
Jane Williams,christopher.williams133@example.com,+1-765-242-9231,+1-817-552-2218,Male,7-7-1980,'Client','Widowed',Tech Leaders,Hospitality,https://www.john67.org,"Contact from Tech Leaders",active,Marketing Manager
Christopher Wilson,jane.martinez77@mail.org,+1-366-630-8252,+1-288-554-5515,Female,9-6-2000,'Vendor','Widowed',Digital Transform,Energy,https://www.james78.co,"Contact from Digital Transform",archived,HR Manager
David Jones,david.garcia28@company.com,+1-185-341-1047,+1-525-106-7097,Female,4-1-1987,'Friend','Single',Digital Transform,Healthcare,https://www.john55.com,"Contact from Digital Transform",archived,Operations Manager
Jessica Moore,sarah.moore533@example.com,+1-601-425-6926,+1-317-944-5309,Male,10-8-1993,'Client','Divorce',System Architects,Entertainment,https://www.joseph81.org,"Contact from System Architects",active,Financial Analyst
Sarah Brown,lisa.williams188@email.com,+1-560-617-1303,+1-734-773-7292,Male,28-3-2003,'Client','Divorce',Enterprise Solutions,Consulting,https://www.john58.org,"Contact from Enterprise Solutions",archived,Operations Manager
Jane Rodriguez,richard.johnson189@business.net,+1-620-670-6434,+1-581-182-1619,Male,7-6-1984,'Colleague','Widowed',Tech Leaders,Energy,https://www.amanda89.co,"Contact from Tech Leaders",archived,Developer
Joseph Anderson,robert.taylor515@mail.org,+1-107-241-8143,+1-829-659-8258,Female,25-4-1995,'Friend','Married',Tech Leaders,Energy,https://www.jane51.com,"Contact from Tech Leaders",inactive,Director
Mary Anderson,emily.lopez389@company.com,+1-136-890-3877,+1-813-642-4213,Male,6-1-1973,'Vendor','Married',Innovation Labs,Agriculture,https://www.william71.net,"Contact from Innovation Labs",active,Director
Amanda Johnson,james.jackson128@email.com,+1-336-862-4425,+1-718-322-4943,Male,1-12-1994,'Other','Widowed',Digital Ventures,Entertainment,https://www.william22.io,"Contact from Digital Ventures",active,Marketing Manager
Robert Martinez,jennifer.davis187@company.com,+1-129-111-8285,+1-886-370-2057,Male,23-8-1973,'Other','Single',Innovation Labs,Technology,https://www.patricia70.io,"Contact from Innovation Labs",archived,Operations Manager
Sarah Wilson,emily.rodriguez827@mail.org,+1-612-632-9608,+1-635-627-7381,Male,1-9-1968,'Vendor','Widowed',Tech Solutions,Manufacturing,https://www.richard87.co,"Contact from Tech Solutions",inactive,Director
Jane Anderson,christopher.johnson904@mail.org,+1-106-509-3944,+1-587-466-1423,Male,5-3-1985,'Partner','Single',Innovation Labs,Consulting,https://www.emily48.io,"Contact from Innovation Labs",archived,Business Analyst
Jessica Martin,jennifer.martinez790@business.net,+1-589-589-6223,+1-969-144-6461,Male,28-1-2002,'Friend','Widowed',Acme Corp,Real Estate,https://www.lisa1.co,"Contact from Acme Corp",archived,Financial Analyst
Jane Moore,david.martinez824@example.com,+1-960-852-2486,+1-651-942-1293,Female,6-4-1976,'Client','Married',Data Analytics,Transportation,https://www.joseph37.com,"Contact from Data Analytics",inactive,Software Engineer
David Jackson,sarah.johnson332@email.com,+1-969-570-3406,+1-621-958-2950,Male,17-11-1976,'Vendor','Divorce',Enterprise Solutions,Construction,https://www.patricia1.net,"Contact from Enterprise Solutions",active,Consultant
John Brown,richard.davis178@email.com,+1-464-781-1806,+1-897-757-1937,Female,10-8-1975,'Partner','Single',Future Systems,Manufacturing,https://www.michael35.co,"Contact from Future Systems",inactive,Project Manager
Joseph Anderson,patricia.wilson964@example.com,+1-662-420-3437,+1-631-322-6499,Female,24-7-1996,'Partner','Divorce',Smart Industries,Technology,https://www.michael18.org,"Contact from Smart Industries",inactive,Project Manager
Amanda Taylor,robert.johnson152@example.com,+1-454-490-2567,+1-100-669-3520,Female,19-5-1999,'Vendor','Married',Smart Industries,Agriculture,https://www.patricia76.org,"Contact from Smart Industries",active,Architect
Christopher Jones,michael.smith201@example.com,+1-716-787-9599,+1-915-117-2589,Female,6-5-1984,'Client','Divorce',Tech Solutions,Energy,https://www.richard97.net,"Contact from Tech Solutions",active,Sales Executive
Robert Anderson,lisa.smith256@mail.org,+1-556-211-8747,+1-942-154-2682,Female,4-1-2001,'Other','Married',Digital Transform,Consulting,https://www.sarah96.net,"Contact from Digital Transform",archived,Operations Manager
Jessica Gonzalez,jane.hernandez885@example.com,+1-807-785-5389,+1-294-828-9030,Male,22-5-2004,'Friend','Widowed',Smart Industries,Retail,https://www.james78.io,"Contact from Smart Industries",active,Product Manager
James Brown,mary.thomas981@mail.org,+1-117-885-3445,+1-735-155-9142,Female,7-5-1970,'Other','Widowed',Tech Leaders,Hospitality,https://www.linda4.org,"Contact from Tech Leaders",active,Product Manager
David Garcia,john.davis693@example.com,+1-189-999-3446,+1-671-153-6885,Female,8-6-2001,'Partner','Widowed',Future Systems,Manufacturing,https://www.james45.io,"Contact from Future Systems",archived,Developer
William Taylor,jane.martinez316@business.net,+1-347-698-8799,+1-382-184-7959,Female,15-12-1996,'Client','Married',Enterprise Solutions,Technology,https://www.sarah15.co,"Contact from Enterprise Solutions",archived,Consultant
Michael Miller,james.taylor933@business.net,+1-521-549-1566,+1-907-813-9693,Male,7-5-1993,'Client','Married',Tech Leaders,Entertainment,https://www.lisa37.net,"Contact from Tech Leaders",active,Systems Administrator
Robert Rodriguez,jennifer.gonzalez972@mail.org,+1-648-930-3015,+1-520-799-2134,Male,24-7-1976,'Partner','Widowed',Future Systems,Healthcare,https://www.jessica11.net,"Contact from Future Systems",active,Business Analyst
Amanda Gonzalez,robert.miller818@company.com,+1-948-326-4353,+1-110-259-4297,Male,6-1-1974,'Client','Widowed',Tech Leaders,Telecommunications,https://www.jennifer17.org,"Contact from Tech Leaders",active,Developer
James Williams,lisa.thomas981@mail.org,+1-936-839-1843,+1-718-657-4865,Male,15-11-2003,'Colleague','Single',Digital Transform,Finance,https://www.christopher18.co,"Contact from Digital Transform",active,Developer
Charles Anderson,charles.smith721@mail.org,+1-247-823-9413,+1-904-615-1175,Female,20-11-1989,'Vendor','Divorce',Future Systems,Healthcare,https://www.michael67.org,"Contact from Future Systems",active,Data Analyst
Jennifer Wilson,amanda.jones568@email.com,+1-485-953-3332,+1-870-274-5025,Female,21-3-1985,'Client','Single',Smart Industries,Finance,https://www.william78.com,"Contact from Smart Industries",active,Consultant
John Lopez,david.martinez273@company.com,+1-835-946-2285,+1-300-288-9020,Male,1-3-1995,'Partner','Single',Innovation Labs,Technology,https://www.charles69.org,"Contact from Innovation Labs",archived,Marketing Manager
Jessica Jackson,david.hernandez565@business.net,+1-311-530-7038,+1-645-169-1269,Female,28-9-1972,'Client','Married',Cloud Systems,Energy,https://www.william87.net,"Contact from Cloud Systems",archived,Developer
Richard Johnson,joseph.jones708@company.com,+1-368-174-4864,+1-308-112-9370,Male,15-2-1984,'Vendor','Single',Innovation Labs,Energy,https://www.joseph14.org,"Contact from Innovation Labs",inactive,Business Analyst
Michael Johnson,emily.jones576@mail.org,+1-588-722-3604,+1-981-254-1525,Female,24-8-2002,'Friend','Single',Cloud Systems,Finance,https://www.emily77.io,"Contact from Cloud Systems",inactive,Data Analyst
Jennifer Rodriguez,christopher.moore955@company.com,+1-163-595-9409,+1-875-569-4404,Male,18-10-2004,'Partner','Married',Acme Corp,Transportation,https://www.david27.co,"Contact from Acme Corp",archived,Operations Manager
David Gonzalez,john.martinez398@email.com,+1-838-745-5894,+1-538-489-5233,Male,5-8-1988,'Other','Married',Tech Innovations,Hospitality,https://www.william66.io,"Contact from Tech Innovations",archived,Product Manager
Michael Thomas,michael.rodriguez287@business.net,+1-393-295-7436,+1-764-321-7876,Female,16-1-1989,'Partner','Widowed',Enterprise Solutions,Construction,https://www.richard81.co,"Contact from Enterprise Solutions",archived,Marketing Manager
William Thomas,william.williams652@example.com,+1-497-565-2989,+1-843-336-3096,Female,21-7-1990,'Other','Divorce',Smart Industries,Agriculture,https://www.james43.co,"Contact from Smart Industries",active,HR Manager
Jane Martinez,william.wilson77@mail.org,+1-202-660-3232,+1-583-364-3523,Male,12-7-1986,'Client','Widowed',Enterprise Solutions,Finance,https://www.david94.co,"Contact from Enterprise Solutions",inactive,Systems Administrator
John Williams,william.rodriguez873@business.net,+1-375-458-6110,+1-832-572-2060,Male,6-8-1983,'Colleague','Widowed',Digital Transform,Agriculture,https://www.michael41.co,"Contact from Digital Transform",inactive,Business Analyst
Patricia Taylor,christopher.hernandez722@example.com,+1-488-695-1072,+1-133-459-3207,Male,22-7-1970,'Friend','Widowed',Innovation Labs,Real Estate,https://www.jessica99.com,"Contact from Innovation Labs",active,Operations Manager
John Martin,jennifer.williams29@email.com,+1-899-461-2995,+1-534-662-3036,Male,16-12-2001,'Vendor','Widowed',Digital Transform,Retail,https://www.patricia30.net,"Contact from Digital Transform",archived,Architect
Jane Gonzalez,amanda.anderson730@example.com,+1-663-336-9528,+1-732-700-4931,Female,24-4-1982,'Colleague','Divorce',Globex Inc,Retail,https://www.jessica28.io,"Contact from Globex Inc",archived,Product Manager
Robert Hernandez,sarah.williams44@mail.org,+1-482-889-8445,+1-795-176-1137,Female,14-8-1972,'Friend','Single',NextGen Tech,Consulting,https://www.james61.org,"Contact from NextGen Tech",active,Developer
Richard Martin,lisa.gonzalez314@business.net,+1-432-316-5709,+1-371-280-5977,Female,3-7-1997,'Other','Married',Acme Corp,Education,https://www.joseph4.io,"Contact from Acme Corp",active,Systems Administrator
Jessica Gonzalez,jane.garcia418@company.com,+1-720-778-8239,+1-469-299-5790,Female,26-6-1973,'Other','Widowed',Enterprise Solutions,Construction,https://www.jessica43.co,"Contact from Enterprise Solutions",archived,Marketing Manager
Jane Brown,john.rodriguez585@email.com,+1-143-152-6894,+1-127-816-5960,Female,5-2-1998,'Other','Single',Tech Innovations,Entertainment,https://www.sarah33.io,"Contact from Tech Innovations",inactive,Financial Analyst
James Miller,jane.garcia490@example.com,+1-273-242-1870,+1-241-149-3271,Male,20-5-1976,'Colleague','Single',Acme Corp,Consulting,https://www.jennifer16.net,"Contact from Acme Corp",inactive,HR Manager
Amanda Martinez,john.garcia633@email.com,+1-921-954-2110,+1-309-960-1503,Female,25-10-1967,'Partner','Widowed',Acme Corp,Construction,https://www.christopher36.net,"Contact from Acme Corp",active,Consultant
John Anderson,mary.hernandez990@email.com,+1-204-789-6510,+1-735-600-9760,Male,10-12-1975,'Other','Divorce',Globex Inc,Education,https://www.sarah79.net,"Contact from Globex Inc",active,Product Manager
Emily Brown,jane.moore624@company.com,+1-314-439-6595,+1-100-973-3226,Male,11-3-1978,'Partner','Widowed',NextGen Tech,Technology,https://www.patricia31.io,"Contact from NextGen Tech",active,Sales Executive
Christopher Martin,sarah.martin433@example.com,+1-443-683-2453,+1-233-615-5063,Male,26-9-1998,'Colleague','Widowed',System Architects,Entertainment,https://www.mary35.io,"Contact from System Architects",archived,Data Analyst
Jessica Williams,amanda.jackson733@email.com,+1-654-101-6715,+1-842-127-6811,Female,8-11-1985,'Client','Single',Cloud Systems,Consulting,https://www.michael2.com,"Contact from Cloud Systems",archived,Operations Manager
Christopher Lopez,amanda.jones529@business.net,+1-163-825-5618,+1-356-100-3441,Female,27-1-1980,'Client','Divorce',System Architects,Healthcare,https://www.mary15.org,"Contact from System Architects",archived,Developer
Amanda Moore,patricia.taylor501@business.net,+1-205-609-9513,+1-478-598-8830,Male,15-11-2001,'Vendor','Divorce',System Architects,Transportation,https://www.christopher71.net,"Contact from System Architects",inactive,Developer
Jessica Garcia,amanda.brown625@example.com,+1-988-730-3572,+1-176-900-4516,Male,19-4-1977,'Friend','Married',Tech Solutions,Healthcare,https://www.emily15.co,"Contact from Tech Solutions",inactive,Operations Manager
James Anderson,christopher.rodriguez423@example.com,+1-977-687-3678,+1-685-664-9717,Female,24-2-1981,'Other','Widowed',Cloud Systems,Retail,https://www.lisa97.io,"Contact from Cloud Systems",active,Sales Executive
Linda Garcia,lisa.jackson435@email.com,+1-304-258-2725,+1-262-102-1905,Female,28-6-1971,'Colleague','Married',Tech Leaders,Construction,https://www.michael3.com,"Contact from Tech Leaders",archived,Architect
Richard Davis,john.davis523@example.com,+1-778-799-3974,+1-368-467-7388,Male,20-2-1967,'Friend','Single',Tech Innovations,Agriculture,https://www.joseph67.com,"Contact from Tech Innovations",active,Financial Analyst
Mary Rodriguez,lisa.wilson54@business.net,+1-958-323-3772,+1-540-320-6874,Male,16-5-1995,'Client','Single',NextGen Tech,Energy,https://www.jessica73.co,"Contact from NextGen Tech",inactive,Project Manager
Jessica Hernandez,charles.jackson339@business.net,+1-290-226-9228,+1-640-612-6680,Female,13-2-2002,'Friend','Divorce',Tech Innovations,Healthcare,https://www.emily55.net,"Contact from Tech Innovations",archived,Consultant
David Rodriguez,michael.taylor818@email.com,+1-108-287-9464,+1-942-249-1093,Male,13-3-2001,'Partner','Widowed',Smart Industries,Construction,https://www.jane78.co,"Contact from Smart Industries",inactive,Operations Manager
Jessica Brown,jessica.jackson983@example.com,+1-166-903-9232,+1-496-100-4461,Female,19-9-1972,'Friend','Divorce',Acme Corp,Education,https://www.david9.co,"Contact from Acme Corp",active,Developer
David Brown,sarah.jones499@business.net,+1-344-545-8639,+1-592-341-3027,Male,23-11-2004,'Other','Divorce',Tech Innovations,Real Estate,https://www.lisa43.net,"Contact from Tech Innovations",archived,Financial Analyst
James Wilson,michael.martin874@company.com,+1-945-530-8922,+1-296-415-5141,Female,19-11-1999,'Vendor','Single',NextGen Tech,Construction,https://www.emily36.co,"Contact from NextGen Tech",active,Systems Administrator
Michael Taylor,charles.rodriguez758@example.com,+1-894-776-8777,+1-213-405-9132,Male,14-1-1984,'Vendor','Married',Smart Industries,Manufacturing,https://www.charles27.io,"Contact from Smart Industries",archived,Project Manager
Amanda Smith,lisa.anderson168@email.com,+1-859-275-1864,+1-101-570-3604,Female,12-11-1979,'Friend','Divorce',Tech Leaders,Entertainment,https://www.mary84.io,"Contact from Tech Leaders",inactive,Marketing Manager
Patricia Wilson,linda.martin162@business.net,+1-323-869-5519,+1-596-135-9955,Female,18-4-1965,'Vendor','Married',Acme Corp,Real Estate,https://www.lisa68.org,"Contact from Acme Corp",archived,Marketing Manager
Jennifer Smith,james.martin826@email.com,+1-325-977-2953,+1-986-586-6822,Male,2-10-1995,'Friend','Married',System Architects,Finance,https://www.patricia33.co,"Contact from System Architects",archived,Consultant
Emily Rodriguez,william.martin93@email.com,+1-591-659-4928,+1-895-590-8937,Male,19-3-1986,'Vendor','Widowed',Enterprise Solutions,Manufacturing,https://www.christopher23.co,"Contact from Enterprise Solutions",active,Developer
Christopher Davis,linda.garcia979@company.com,+1-308-867-5641,+1-441-265-9943,Female,6-4-1971,'Vendor','Married',Tech Innovations,Healthcare,https://www.jessica84.org,"Contact from Tech Innovations",archived,Sales Executive
Jane Brown,emily.wilson614@business.net,+1-331-814-1134,+1-970-227-3108,Male,8-8-1965,'Colleague','Married',Tech Leaders,Healthcare,https://www.emily44.net,"Contact from Tech Leaders",archived,Director
Jane Martin,mary.smith869@mail.org,+1-782-468-3115,+1-673-508-6576,Female,25-9-1999,'Vendor','Married',Innovation Labs,Transportation,https://www.patricia62.io,"Contact from Innovation Labs",archived,HR Manager
Christopher Lopez,emily.davis379@mail.org,+1-113-560-1974,+1-129-460-6416,Male,27-11-1984,'Partner','Divorce',NextGen Tech,Real Estate,https://www.joseph13.com,"Contact from NextGen Tech",active,Project Manager
Jane Jackson,william.wilson895@company.com,+1-476-181-3113,+1-696-917-5345,Female,9-10-1995,'Vendor','Single',Enterprise Solutions,Education,https://www.john44.net,"Contact from Enterprise Solutions",archived,Architect
Richard Thomas,robert.smith35@business.net,+1-668-700-6500,+1-544-681-4137,Female,5-4-1972,'Other','Single',Cloud Systems,Retail,https://www.amanda29.org,"Contact from Cloud Systems",archived,Software Engineer
Joseph Martin,christopher.williams26@company.com,+1-156-499-6213,+1-813-857-6144,Female,6-11-1965,'Client','Divorce',Globex Inc,Transportation,https://www.jane69.io,"Contact from Globex Inc",archived,Consultant
Jennifer Jackson,jessica.lopez96@business.net,+1-976-626-3574,+1-282-563-9359,Male,4-5-1987,'Vendor','Divorce',Tech Leaders,Real Estate,https://www.michael3.com,"Contact from Tech Leaders",inactive,Product Manager
Lisa Hernandez,robert.smith292@example.com,+1-951-850-7027,+1-493-631-6739,Male,8-2-2003,'Friend','Widowed',Enterprise Solutions,Agriculture,https://www.sarah16.io,"Contact from Enterprise Solutions",active,Marketing Manager
Michael Thomas,charles.jones395@company.com,+1-963-608-2887,+1-375-210-3215,Female,15-4-2003,'Colleague','Divorce',Digital Transform,Construction,https://www.joseph70.com,"Contact from Digital Transform",active,Architect
Joseph Moore,john.taylor164@example.com,+1-217-415-9973,+1-387-809-7540,Male,16-1-1983,'Other','Divorce',Tech Leaders,Agriculture,https://www.jessica23.co,"Contact from Tech Leaders",active,Systems Administrator
Charles Rodriguez,jane.jackson890@company.com,+1-911-898-7539,+1-917-845-5830,Male,18-8-1976,'Friend','Single',System Architects,Construction,https://www.linda95.co,"Contact from System Architects",archived,Systems Administrator
Emily Rodriguez,david.williams767@business.net,+1-721-645-4432,+1-557-590-5612,Male,20-7-2002,'Other','Divorce',Tech Solutions,Entertainment,https://www.charles86.net,"Contact from Tech Solutions",inactive,Director
Amanda Martin,james.martin963@company.com,+1-955-186-7573,+1-560-949-1398,Female,24-10-1965,'Other','Single',Enterprise Solutions,Healthcare,https://www.christopher20.com,"Contact from Enterprise Solutions",active,Sales Executive
Charles Martinez,john.thomas481@example.com,+1-423-848-6742,+1-345-908-3697,Male,19-5-1998,'Vendor','Single',Future Systems,Consulting,https://www.john91.com,"Contact from Future Systems",inactive,Consultant
Charles Anderson,richard.jackson598@email.com,+1-472-232-1608,+1-416-985-2482,Male,5-10-1979,'Client','Widowed',Tech Leaders,Entertainment,https://www.amanda16.com,"Contact from Tech Leaders",archived,Marketing Manager
Sarah Anderson,michael.williams807@business.net,+1-177-683-7680,+1-921-407-2372,Female,7-12-1970,'Client','Married',System Architects,Consulting,https://www.richard94.org,"Contact from System Architects",active,Operations Manager
Linda Anderson,amanda.moore958@email.com,+1-347-707-4215,+1-689-634-4394,Female,1-3-1973,'Partner','Divorce',Globex Inc,Education,https://www.michael58.net,"Contact from Globex Inc",inactive,Data Analyst
Lisa Moore,patricia.johnson125@email.com,+1-594-791-8176,+1-239-258-3915,Female,6-11-1980,'Client','Divorce',Cloud Systems,Technology,https://www.linda35.com,"Contact from Cloud Systems",active,Data Analyst
David Gonzalez,mary.martinez373@company.com,+1-900-336-7605,+1-174-667-5997,Male,8-2-1970,'Colleague','Widowed',Digital Ventures,Energy,https://www.mary91.io,"Contact from Digital Ventures",archived,Consultant
Joseph Moore,john.gonzalez260@example.com,+1-709-710-8758,+1-480-314-3254,Female,26-9-1972,'Vendor','Divorce',Globex Inc,Technology,https://www.jennifer64.co,"Contact from Globex Inc",inactive,Systems Administrator
Amanda Jones,patricia.brown272@example.com,+1-928-994-5900,+1-976-375-8936,Male,7-2-1988,'Client','Divorce',Enterprise Solutions,Entertainment,https://www.patricia84.com,"Contact from Enterprise Solutions",inactive,Data Analyst
David Thomas,patricia.jones236@example.com,+1-477-746-1740,+1-853-165-8751,Female,12-4-2003,'Friend','Divorce',Future Systems,Agriculture,https://www.christopher82.net,"Contact from Future Systems",active,Software Engineer
James Miller,amanda.gonzalez649@company.com,+1-989-509-6272,+1-859-476-3806,Male,9-11-1989,'Colleague','Married',Tech Leaders,Entertainment,https://www.linda1.io,"Contact from Tech Leaders",archived,Systems Administrator
Richard Anderson,linda.lopez904@mail.org,+1-430-282-7191,+1-638-722-1151,Female,9-3-1982,'Colleague','Widowed',Digital Transform,Technology,https://www.robert17.net,"Contact from Digital Transform",inactive,Software Engineer
Joseph Miller,william.anderson653@email.com,+1-632-844-3495,+1-228-382-3893,Female,5-3-1981,'Vendor','Divorce',Cloud Systems,Construction,https://www.jane79.io,"Contact from Cloud Systems",archived,Operations Manager
Amanda Williams,john.garcia407@example.com,+1-313-125-6864,+1-334-496-3972,Male,7-9-2000,'Vendor','Married',Digital Ventures,Energy,https://www.jane6.co,"Contact from Digital Ventures",active,Marketing Manager
William Gonzalez,john.anderson22@business.net,+1-478-263-8833,+1-106-909-1670,Male,3-12-1982,'Colleague','Divorce',Future Systems,Real Estate,https://www.patricia46.io,"Contact from Future Systems",inactive,HR Manager
Jennifer Martin,john.gonzalez67@business.net,+1-623-521-3687,+1-454-864-7828,Female,24-8-2000,'Other','Married',Acme Corp,Telecommunications,https://www.joseph15.io,"Contact from Acme Corp",inactive,Product Manager
Sarah Brown,christopher.brown965@mail.org,+1-329-735-2518,+1-822-121-3998,Female,9-9-1998,'Client','Divorce',Data Analytics,Hospitality,https://www.william88.io,"Contact from Data Analytics",active,Marketing Manager
Emily Martinez,sarah.martin269@email.com,+1-190-891-8028,+1-365-814-7099,Male,27-4-1973,'Vendor','Divorce',Digital Ventures,Construction,https://www.jane2.net,"Contact from Digital Ventures",active,Sales Executive
David Miller,christopher.jones191@email.com,+1-257-942-3046,+1-681-349-5438,Female,14-6-1989,'Partner','Widowed',Digital Ventures,Energy,https://www.jessica89.com,"Contact from Digital Ventures",inactive,Systems Administrator
Amanda Anderson,joseph.rodriguez438@mail.org,+1-788-336-8733,+1-452-502-4172,Male,19-11-1992,'Colleague','Single',NextGen Tech,Finance,https://www.joseph79.net,"Contact from NextGen Tech",inactive,Sales Executive
David Anderson,emily.jackson464@mail.org,+1-655-413-7759,+1-885-251-8662,Female,12-12-1970,'Colleague','Married',Digital Transform,Construction,https://www.christopher52.co,"Contact from Digital Transform",archived,Data Analyst
William Jones,sarah.wilson606@business.net,+1-855-934-4724,+1-641-575-6643,Female,3-9-1967,'Partner','Widowed',System Architects,Finance,https://www.emily72.co,"Contact from System Architects",active,Developer
Linda Brown,jessica.rodriguez122@email.com,+1-674-863-6489,+1-562-322-4890,Female,16-5-1985,'Colleague','Married',Enterprise Solutions,Energy,https://www.jennifer68.com,"Contact from Enterprise Solutions",inactive,Marketing Manager
William Gonzalez,richard.lopez903@mail.org,+1-436-345-2559,+1-911-923-9581,Male,11-12-1986,'Friend','Divorce',Digital Transform,Manufacturing,https://www.richard37.net,"Contact from Digital Transform",active,Developer
Lisa Johnson,michael.thomas480@email.com,+1-680-311-6340,+1-153-466-7437,Female,25-7-1975,'Client','Single',Tech Solutions,Retail,https://www.jennifer92.org,"Contact from Tech Solutions",archived,Marketing Manager
Richard Anderson,joseph.wilson483@email.com,+1-739-665-4706,+1-287-783-2980,Male,13-7-1985,'Friend','Widowed',Innovation Labs,Construction,https://www.patricia98.net,"Contact from Innovation Labs",inactive,Marketing Manager
Mary Wilson,amanda.brown794@email.com,+1-338-616-1022,+1-715-456-8796,Female,12-3-2003,'Colleague','Single',Tech Leaders,Consulting,https://www.patricia42.org,"Contact from Tech Leaders",active,Consultant
Robert Martinez,joseph.hernandez418@example.com,+1-701-475-5458,+1-805-398-2710,Male,24-7-1965,'Friend','Married',Digital Ventures,Retail,https://www.mary96.net,"Contact from Digital Ventures",active,Project Manager
Amanda Thomas,christopher.wilson170@company.com,+1-789-742-2514,+1-219-915-5006,Female,6-10-1973,'Colleague','Widowed',Tech Innovations,Construction,https://www.jessica10.io,"Contact from Tech Innovations",archived,Marketing Manager
Richard Garcia,mary.smith649@example.com,+1-360-211-6695,+1-460-355-7363,Male,23-3-1981,'Client','Married',Globex Inc,Agriculture,https://www.richard94.net,"Contact from Globex Inc",archived,Systems Administrator
Emily Williams,michael.williams339@email.com,+1-762-556-8115,+1-749-991-4594,Female,13-4-1991,'Friend','Widowed',Tech Leaders,Construction,https://www.lisa27.com,"Contact from Tech Leaders",inactive,Architect
William Thomas,john.davis390@mail.org,+1-822-802-6600,+1-290-506-7632,Female,21-7-1981,'Friend','Widowed',Globex Inc,Entertainment,https://www.mary64.io,"Contact from Globex Inc",active,Systems Administrator
Robert Davis,charles.rodriguez982@business.net,+1-387-966-3106,+1-380-837-3865,Female,23-11-2002,'Friend','Single',Digital Ventures,Transportation,https://www.joseph50.net,"Contact from Digital Ventures",active,Product Manager
John Miller,charles.thomas281@email.com,+1-396-853-4773,+1-434-868-2404,Male,7-9-1965,'Colleague','Single',Data Analytics,Healthcare,https://www.richard49.io,"Contact from Data Analytics",inactive,Product Manager
Charles Davis,michael.anderson723@mail.org,+1-321-167-7527,+1-647-972-5333,Male,5-12-1997,'Friend','Single',Tech Innovations,Manufacturing,https://www.linda13.net,"Contact from Tech Innovations",active,Consultant
Patricia Jackson,michael.johnson613@company.com,+1-553-216-3782,+1-719-481-6543,Female,7-11-2002,'Partner','Married',Data Analytics,Hospitality,https://www.michael21.com,"Contact from Data Analytics",active,Software Engineer
Lisa Gonzalez,mary.taylor812@mail.org,+1-372-712-4740,+1-288-960-2760,Male,4-1-2001,'Colleague','Widowed',Smart Industries,Energy,https://www.mary52.com,"Contact from Smart Industries",inactive,Systems Administrator
Richard Jackson,jennifer.lopez693@example.com,+1-530-216-4384,+1-304-104-5886,Female,8-9-1987,'Colleague','Widowed',NextGen Tech,Healthcare,https://www.john94.io,"Contact from NextGen Tech",inactive,Systems Administrator
Christopher Johnson,david.gonzalez220@business.net,+1-450-853-1826,+1-600-706-1308,Female,23-11-1968,'Colleague','Divorce',Smart Industries,Retail,https://www.john41.net,"Contact from Smart Industries",inactive,Data Analyst
Richard Gonzalez,charles.jones359@company.com,+1-717-226-9412,+1-364-522-8050,Male,12-7-1973,'Partner','Widowed',Smart Industries,Healthcare,https://www.linda13.org,"Contact from Smart Industries",archived,Developer
Charles Thomas,mary.jackson57@business.net,+1-378-883-6112,+1-544-676-3950,Female,24-9-1999,'Client','Single',Smart Industries,Healthcare,https://www.christopher38.com,"Contact from Smart Industries",active,Sales Executive
Sarah Hernandez,mary.davis592@business.net,+1-290-734-5003,+1-422-230-1555,Male,28-2-1984,'Friend','Divorce',Cloud Systems,Energy,https://www.charles93.io,"Contact from Cloud Systems",inactive,Developer
Jessica Wilson,lisa.wilson247@mail.org,+1-925-256-3520,+1-890-583-2820,Male,25-8-1999,'Client','Single',Enterprise Solutions,Finance,https://www.jessica79.co,"Contact from Enterprise Solutions",active,Project Manager
Michael Taylor,emily.wilson70@business.net,+1-265-397-8572,+1-964-753-3914,Female,15-12-1966,'Colleague','Widowed',Tech Solutions,Healthcare,https://www.lisa25.net,"Contact from Tech Solutions",archived,Marketing Manager
Richard Moore,john.moore392@email.com,+1-214-909-5010,+1-337-482-9571,Female,21-7-1995,'Client','Divorce',Future Systems,Consulting,https://www.robert48.net,"Contact from Future Systems",inactive,Developer
John Taylor,michael.williams266@business.net,+1-927-932-5540,+1-672-421-7819,Female,13-4-1983,'Partner','Divorce',Tech Leaders,Energy,https://www.lisa44.io,"Contact from Tech Leaders",archived,Financial Analyst
Sarah Hernandez,mary.williams198@example.com,+1-479-437-2778,+1-401-629-7809,Female,6-10-1990,'Other','Divorce',NextGen Tech,Energy,https://www.david95.com,"Contact from NextGen Tech",inactive,Director
Lisa Miller,sarah.martin872@email.com,+1-744-253-1396,+1-609-667-1646,Female,16-4-1986,'Colleague','Married',Acme Corp,Consulting,https://www.patricia27.io,"Contact from Acme Corp",archived,Consultant
Lisa Hernandez,david.thomas541@mail.org,+1-904-897-9588,+1-261-366-2005,Female,27-2-1973,'Other','Married',Innovation Labs,Retail,https://www.charles37.org,"Contact from Innovation Labs",active,Product Manager
James Gonzalez,mary.moore716@business.net,+1-690-554-1138,+1-227-797-9422,Male,7-9-1973,'Colleague','Married',Tech Leaders,Consulting,https://www.michael93.net,"Contact from Tech Leaders",active,Software Engineer
Richard Anderson,william.taylor961@email.com,+1-471-209-9005,+1-771-574-1298,Female,25-5-1967,'Partner','Single',Enterprise Solutions,Agriculture,https://www.john67.co,"Contact from Enterprise Solutions",inactive,Sales Executive
David Moore,lisa.anderson752@mail.org,+1-284-696-3165,+1-368-286-8743,Male,23-10-1978,'Colleague','Divorce',Innovation Labs,Technology,https://www.david71.net,"Contact from Innovation Labs",inactive,Data Analyst
Amanda Williams,amanda.smith545@email.com,+1-269-966-4491,+1-864-345-3082,Female,7-1-1982,'Other','Married',Digital Ventures,Education,https://www.sarah35.io,"Contact from Digital Ventures",archived,Software Engineer
Mary Jones,sarah.garcia832@email.com,+1-349-196-9867,+1-599-731-3948,Female,15-2-1986,'Vendor','Married',Enterprise Solutions,Construction,https://www.jane52.org,"Contact from Enterprise Solutions",archived,Marketing Manager
Amanda Moore,john.jackson286@mail.org,+1-243-854-8407,+1-204-510-7814,Male,1-1-1983,'Client','Married',NextGen Tech,Transportation,https://www.linda71.io,"Contact from NextGen Tech",inactive,Architect
Michael Brown,michael.moore284@company.com,+1-303-453-7577,+1-414-775-8214,Female,5-10-1992,'Other','Single',Acme Corp,Hospitality,https://www.jessica83.org,"Contact from Acme Corp",archived,Architect
William Williams,amanda.thomas81@mail.org,+1-179-410-2594,+1-521-266-2138,Female,27-11-1988,'Partner','Divorce',Acme Corp,Energy,https://www.emily70.net,"Contact from Acme Corp",active,Architect
Joseph Williams,michael.rodriguez819@email.com,+1-111-576-1674,+1-730-486-4487,Male,15-1-1994,'Friend','Single',Tech Innovations,Transportation,https://www.jennifer92.net,"Contact from Tech Innovations",active,Software Engineer
Amanda Brown,william.jones919@email.com,+1-792-131-1851,+1-889-782-4414,Female,3-1-2001,'Other','Married',Globex Inc,Entertainment,https://www.charles19.io,"Contact from Globex Inc",inactive,HR Manager
Sarah Martinez,robert.davis643@business.net,+1-470-381-6001,+1-657-327-1644,Female,21-4-1994,'Colleague','Single',Cloud Systems,Technology,https://www.john45.co,"Contact from Cloud Systems",inactive,Systems Administrator
Jane Lopez,michael.martinez161@example.com,+1-686-518-4967,+1-866-993-2777,Male,2-12-1980,'Vendor','Single',Tech Leaders,Healthcare,https://www.john56.co,"Contact from Tech Leaders",active,Operations Manager
Jane Davis,john.anderson512@business.net,+1-202-252-5100,+1-370-680-5962,Male,5-12-1993,'Other','Widowed',Smart Industries,Consulting,https://www.sarah19.com,"Contact from Smart Industries",active,Business Analyst
Robert Hernandez,david.garcia275@company.com,+1-566-262-5532,+1-410-917-1770,Female,9-2-2003,'Colleague','Divorce',NextGen Tech,Agriculture,https://www.sarah12.co,"Contact from NextGen Tech",archived,Software Engineer
John Jackson,joseph.davis139@business.net,+1-351-398-3255,+1-104-868-7856,Male,7-7-1983,'Partner','Single',Smart Industries,Retail,https://www.william5.co,"Contact from Smart Industries",active,Architect
Richard Brown,amanda.jackson107@mail.org,+1-849-335-1481,+1-696-952-1889,Male,20-9-1997,'Colleague','Single',Data Analytics,Hospitality,https://www.jessica95.com,"Contact from Data Analytics",inactive,Project Manager
Lisa Davis,michael.anderson252@example.com,+1-801-135-1791,+1-335-299-2699,Male,5-6-1982,'Vendor','Single',Tech Leaders,Finance,https://www.charles65.com,"Contact from Tech Leaders",inactive,Financial Analyst
Jane Martinez,jane.garcia864@email.com,+1-151-766-1654,+1-637-908-3539,Female,14-8-1988,'Partner','Widowed',Future Systems,Transportation,https://www.christopher87.org,"Contact from Future Systems",archived,Architect
Jennifer Martin,james.thomas500@email.com,+1-265-256-5765,+1-370-948-2583,Female,14-12-1992,'Friend','Widowed',Acme Corp,Consulting,https://www.christopher45.org,"Contact from Acme Corp",active,Product Manager
Christopher Hernandez,james.miller673@mail.org,+1-141-465-8918,+1-530-675-4569,Male,21-1-1991,'Friend','Married',Cloud Systems,Agriculture,https://www.jane17.io,"Contact from Cloud Systems",archived,Software Engineer
David Brown,sarah.brown300@example.com,+1-871-122-7306,+1-811-582-9075,Female,12-12-1999,'Client','Single',Data Analytics,Retail,https://www.michael35.io,"Contact from Data Analytics",inactive,Business Analyst
Joseph Hernandez,amanda.rodriguez861@business.net,+1-446-674-6049,+1-940-380-9738,Male,10-1-1973,'Other','Divorce',Globex Inc,Consulting,https://www.christopher78.io,"Contact from Globex Inc",archived,Operations Manager
Mary Jackson,amanda.smith361@business.net,+1-224-433-4843,+1-550-349-1750,Male,1-4-1971,'Friend','Divorce',Digital Transform,Finance,https://www.joseph6.co,"Contact from Digital Transform",archived,Financial Analyst
Christopher Moore,mary.hernandez616@example.com,+1-377-193-5904,+1-587-954-7732,Male,3-6-1999,'Colleague','Single',Smart Industries,Consulting,https://www.jessica87.co,"Contact from Smart Industries",active,Data Analyst
Amanda Taylor,joseph.garcia524@mail.org,+1-166-970-6785,+1-960-230-6345,Male,26-8-1989,'Colleague','Married',Globex Inc,Consulting,https://www.charles71.net,"Contact from Globex Inc",active,Consultant
Christopher Martin,charles.gonzalez965@mail.org,+1-294-349-6333,+1-229-443-9557,Female,20-12-1991,'Colleague','Married',Tech Solutions,Transportation,https://www.christopher49.org,"Contact from Tech Solutions",archived,Consultant
Michael Martinez,jessica.hernandez795@email.com,+1-907-640-4375,+1-307-961-1325,Female,28-11-1999,'Client','Married',Future Systems,Finance,https://www.jennifer43.co,"Contact from Future Systems",archived,Business Analyst
David Lopez,william.hernandez1@mail.org,+1-779-227-3826,+1-627-529-1432,Male,1-1-1969,'Friend','Widowed',Future Systems,Hospitality,https://www.michael16.com,"Contact from Future Systems",inactive,Financial Analyst
Patricia Johnson,richard.wilson335@mail.org,+1-585-596-9670,+1-993-163-6553,Female,19-10-1993,'Vendor','Widowed',Enterprise Solutions,Real Estate,https://www.david29.com,"Contact from Enterprise Solutions",inactive,Architect
Michael Davis,mary.taylor154@company.com,+1-701-740-8303,+1-556-422-2704,Female,28-1-1996,'Vendor','Married',Tech Solutions,Entertainment,https://www.mary97.org,"Contact from Tech Solutions",archived,Architect
Joseph Garcia,michael.hernandez656@example.com,+1-258-945-6281,+1-515-880-1926,Female,5-4-1971,'Client','Single',Enterprise Solutions,Manufacturing,https://www.christopher26.com,"Contact from Enterprise Solutions",inactive,Developer
Mary Anderson,robert.gonzalez228@example.com,+1-708-683-8925,+1-633-396-8556,Female,15-4-1990,'Partner','Single',System Architects,Technology,https://www.jennifer6.net,"Contact from System Architects",archived,Business Analyst
David Wilson,william.johnson250@mail.org,+1-444-741-1446,+1-914-609-1005,Male,18-8-2004,'Colleague','Divorce',Smart Industries,Technology,https://www.mary32.io,"Contact from Smart Industries",archived,Consultant
John Garcia,joseph.davis189@company.com,+1-133-713-1307,+1-326-959-1420,Female,10-5-1977,'Friend','Married',Tech Innovations,Construction,https://www.lisa84.net,"Contact from Tech Innovations",archived,Financial Analyst
Jennifer Thomas,john.thomas93@example.com,+1-224-304-1066,+1-880-118-4360,Male,7-5-1975,'Client','Married',NextGen Tech,Real Estate,https://www.michael67.co,"Contact from NextGen Tech",archived,Data Analyst
Mary Brown,james.lopez363@email.com,+1-833-447-3966,+1-580-626-9513,Male,6-4-1969,'Friend','Single',Cloud Systems,Agriculture,https://www.michael89.io,"Contact from Cloud Systems",active,Product Manager
John Taylor,christopher.martin745@email.com,+1-247-448-9116,+1-304-975-4217,Female,26-5-1982,'Other','Widowed',NextGen Tech,Healthcare,https://www.william92.org,"Contact from NextGen Tech",inactive,Systems Administrator
Jennifer Wilson,lisa.lopez10@mail.org,+1-978-762-8109,+1-156-181-4766,Male,1-6-1966,'Colleague','Single',Acme Corp,Entertainment,https://www.christopher96.com,"Contact from Acme Corp",inactive,Operations Manager
John Wilson,jessica.martinez186@email.com,+1-888-215-8754,+1-421-845-3748,Male,28-7-1967,'Partner','Divorce',Future Systems,Real Estate,https://www.linda44.org,"Contact from Future Systems",inactive,Director
Robert Martinez,william.taylor641@business.net,+1-177-771-6456,+1-248-345-4300,Male,1-6-1972,'Friend','Divorce',Tech Leaders,Transportation,https://www.robert97.net,"Contact from Tech Leaders",active,Marketing Manager
James Hernandez,christopher.moore828@email.com,+1-640-509-6253,+1-998-376-5013,Female,9-3-1981,'Friend','Widowed',Innovation Labs,Technology,https://www.jessica28.com,"Contact from Innovation Labs",active,Software Engineer
David Taylor,william.williams823@example.com,+1-675-405-1093,+1-683-325-1157,Female,19-10-1991,'Friend','Married',Data Analytics,Technology,https://www.richard14.net,"Contact from Data Analytics",inactive,HR Manager
Sarah Wilson,patricia.taylor187@business.net,+1-151-803-8303,+1-928-851-8054,Male,15-4-1984,'Client','Divorce',Data Analytics,Healthcare,https://www.jessica82.io,"Contact from Data Analytics",inactive,Product Manager
Joseph Taylor,richard.martin118@company.com,+1-618-172-1037,+1-897-809-5397,Male,17-5-1986,'Partner','Widowed',Tech Leaders,Construction,https://www.jennifer63.io,"Contact from Tech Leaders",archived,Systems Administrator
Emily Williams,robert.wilson467@company.com,+1-165-889-8712,+1-773-960-8849,Female,22-9-2002,'Friend','Married',Acme Corp,Technology,https://www.patricia0.co,"Contact from Acme Corp",active,Product Manager
Jane Lopez,jane.wilson890@business.net,+1-769-969-1129,+1-134-213-6958,Male,28-5-1994,'Friend','Single',Digital Transform,Finance,https://www.lisa58.org,"Contact from Digital Transform",archived,Developer
Sarah Jones,robert.anderson812@mail.org,+1-505-247-1843,+1-422-560-5584,Female,3-1-2003,'Partner','Widowed',Digital Ventures,Consulting,https://www.christopher22.net,"Contact from Digital Ventures",archived,Sales Executive
Sarah Johnson,lisa.martinez928@email.com,+1-788-548-6909,+1-545-450-4291,Female,22-5-1988,'Client','Divorce',Tech Solutions,Manufacturing,https://www.christopher84.org,"Contact from Tech Solutions",inactive,Sales Executive
Michael Moore,robert.hernandez771@business.net,+1-697-114-4791,+1-155-891-5242,Female,20-9-1982,'Vendor','Widowed',System Architects,Entertainment,https://www.emily91.io,"Contact from System Architects",inactive,Developer
Charles Rodriguez,robert.brown332@business.net,+1-536-699-5971,+1-447-378-7143,Female,27-11-1988,'Friend','Married',Smart Industries,Energy,https://www.jane31.org,"Contact from Smart Industries",active,Director
Jennifer Rodriguez,jane.gonzalez379@email.com,+1-289-183-6899,+1-385-148-4117,Female,7-8-1970,'Other','Single',Future Systems,Retail,https://www.christopher26.io,"Contact from Future Systems",active,Financial Analyst
Michael Smith,linda.gonzalez146@example.com,+1-989-355-2635,+1-269-814-6137,Female,6-3-1988,'Client','Divorce',NextGen Tech,Education,https://www.richard29.io,"Contact from NextGen Tech",active,Software Engineer
Robert Hernandez,william.brown898@email.com,+1-970-298-2151,+1-243-110-9422,Female,7-5-2003,'Vendor','Married',Digital Ventures,Manufacturing,https://www.amanda69.org,"Contact from Digital Ventures",active,Developer
Linda Martinez,james.martin775@email.com,+1-567-891-8965,+1-980-970-1777,Male,14-8-1978,'Other','Divorce',Tech Leaders,Telecommunications,https://www.jennifer85.org,"Contact from Tech Leaders",inactive,Consultant
William Moore,linda.miller216@mail.org,+1-823-350-9039,+1-619-687-1324,Male,17-10-1999,'Friend','Widowed',Innovation Labs,Energy,https://www.jane7.org,"Contact from Innovation Labs",active,Sales Executive
James Lopez,david.lopez661@business.net,+1-551-512-6622,+1-180-994-7957,Female,1-7-1976,'Other','Widowed',System Architects,Technology,https://www.patricia96.com,"Contact from System Architects",active,Business Analyst
Amanda Johnson,sarah.hernandez491@mail.org,+1-447-767-2888,+1-770-881-9182,Male,23-5-1970,'Client','Widowed',Enterprise Solutions,Education,https://www.john33.org,"Contact from Enterprise Solutions",inactive,Software Engineer
Lisa Lopez,michael.lopez261@company.com,+1-787-338-3038,+1-445-858-3685,Male,15-10-1978,'Vendor','Divorce',NextGen Tech,Manufacturing,https://www.mary15.org,"Contact from NextGen Tech",archived,Developer
Patricia Martinez,christopher.gonzalez200@mail.org,+1-921-664-5059,+1-611-706-1508,Female,13-5-1997,'Partner','Single',Tech Leaders,Telecommunications,https://www.charles9.com,"Contact from Tech Leaders",archived,Data Analyst
John Martinez,michael.thomas742@example.com,+1-780-908-2002,+1-489-738-9558,Male,27-12-1969,'Vendor','Widowed',System Architects,Consulting,https://www.lisa82.com,"Contact from System Architects",archived,Business Analyst
John Brown,sarah.thomas505@email.com,+1-855-463-1855,+1-787-611-4779,Female,13-3-1987,'Vendor','Widowed',Smart Industries,Entertainment,https://www.patricia93.org,"Contact from Smart Industries",active,Sales Executive
John Gonzalez,john.rodriguez796@company.com,+1-130-858-5054,+1-536-746-9001,Female,14-2-1981,'Other','Single',Digital Ventures,Consulting,https://www.william8.co,"Contact from Digital Ventures",inactive,Systems Administrator
Mary Martin,patricia.moore495@company.com,+1-878-280-2724,+1-270-442-1505,Male,1-4-1993,'Friend','Married',Innovation Labs,Healthcare,https://www.michael37.net,"Contact from Innovation Labs",inactive,Developer
David Anderson,christopher.martin492@business.net,+1-546-262-5890,+1-832-223-5732,Female,12-2-1983,'Vendor','Single',Globex Inc,Hospitality,https://www.john1.net,"Contact from Globex Inc",inactive,Developer
Patricia Rodriguez,william.taylor903@business.net,+1-577-944-6006,+1-634-912-8586,Male,2-1-1994,'Vendor','Widowed',Acme Corp,Energy,https://www.sarah88.co,"Contact from Acme Corp",archived,Director
Linda Miller,linda.brown92@mail.org,+1-890-266-5539,+1-457-148-3548,Male,14-7-1987,'Partner','Married',Digital Transform,Consulting,https://www.michael9.io,"Contact from Digital Transform",archived,Marketing Manager
Jane Garcia,david.anderson91@example.com,+1-767-885-5838,+1-804-999-7649,Male,9-10-2000,'Friend','Divorce',NextGen Tech,Manufacturing,https://www.christopher69.net,"Contact from NextGen Tech",inactive,HR Manager
Charles Anderson,patricia.jones721@example.com,+1-234-295-9424,+1-297-165-3749,Female,3-10-1967,'Partner','Widowed',Acme Corp,Manufacturing,https://www.patricia87.net,"Contact from Acme Corp",archived,Sales Executive
Jennifer Anderson,james.moore707@company.com,+1-737-329-7284,+1-640-970-1655,Male,10-4-1993,'Colleague','Married',Acme Corp,Consulting,https://www.sarah76.net,"Contact from Acme Corp",active,Consultant
Amanda Lopez,robert.gonzalez364@company.com,+1-526-205-4193,+1-633-896-8669,Male,19-8-1965,'Friend','Single',Smart Industries,Manufacturing,https://www.david90.io,"Contact from Smart Industries",active,Developer
John Martin,lisa.wilson530@email.com,+1-425-572-6595,+1-381-303-4035,Female,24-1-1994,'Colleague','Single',Cloud Systems,Consulting,https://www.linda9.com,"Contact from Cloud Systems",inactive,Product Manager
John Brown,charles.garcia506@mail.org,+1-230-205-6099,+1-938-466-9576,Female,2-5-1971,'Client','Widowed',Innovation Labs,Retail,https://www.richard76.net,"Contact from Innovation Labs",archived,Marketing Manager
Patricia Martinez,james.taylor953@company.com,+1-912-194-4190,+1-770-994-4257,Male,5-5-2002,'Colleague','Single',Smart Industries,Agriculture,https://www.david43.com,"Contact from Smart Industries",archived,Consultant
Sarah Davis,linda.garcia970@mail.org,+1-823-619-2899,+1-551-223-1745,Female,11-5-1974,'Other','Married',NextGen Tech,Consulting,https://www.david81.com,"Contact from NextGen Tech",archived,Software Engineer
Patricia Moore,joseph.davis15@example.com,+1-752-204-9067,+1-464-208-5849,Female,20-10-1978,'Client','Widowed',Smart Industries,Entertainment,https://www.patricia41.net,"Contact from Smart Industries",active,Sales Executive
Emily Lopez,patricia.williams739@example.com,+1-217-468-7965,+1-452-762-1462,Female,20-2-1971,'Client','Divorce',Tech Solutions,Real Estate,https://www.michael16.io,"Contact from Tech Solutions",archived,Software Engineer
Jessica Williams,robert.rodriguez152@mail.org,+1-806-758-4918,+1-519-696-6858,Female,23-8-1984,'Friend','Widowed',Tech Innovations,Technology,https://www.jennifer0.io,"Contact from Tech Innovations",active,Sales Executive
William Johnson,jessica.jones562@business.net,+1-428-722-1315,+1-692-625-1536,Female,9-7-1969,'Vendor','Divorce',Globex Inc,Transportation,https://www.sarah88.com,"Contact from Globex Inc",archived,Sales Executive
Linda Martinez,charles.jones790@mail.org,+1-482-933-2788,+1-882-417-5858,Female,7-6-1969,'Colleague','Widowed',Future Systems,Manufacturing,https://www.patricia1.co,"Contact from Future Systems",inactive,Director
Patricia Gonzalez,michael.martin459@mail.org,+1-539-751-5504,+1-684-427-3871,Female,9-1-1966,'Partner','Divorce',Digital Transform,Hospitality,https://www.william46.org,"Contact from Digital Transform",inactive,Sales Executive
David Taylor,emily.brown956@email.com,+1-202-400-2085,+1-730-913-6395,Male,25-9-2004,'Vendor','Divorce',Digital Ventures,Manufacturing,https://www.linda18.co,"Contact from Digital Ventures",active,Director
Patricia Williams,robert.taylor715@example.com,+1-374-698-6890,+1-344-936-4351,Female,5-9-2002,'Friend','Widowed',Digital Ventures,Retail,https://www.jane9.org,"Contact from Digital Ventures",inactive,Product Manager
Jessica Jones,michael.taylor632@email.com,+1-343-469-5965,+1-209-490-1835,Male,4-6-1982,'Partner','Married',Globex Inc,Real Estate,https://www.christopher36.net,"Contact from Globex Inc",active,Data Analyst
James Martin,christopher.martin5@example.com,+1-520-842-9980,+1-960-467-1404,Female,16-12-1986,'Vendor','Widowed',Enterprise Solutions,Energy,https://www.sarah47.io,"Contact from Enterprise Solutions",archived,Marketing Manager
Charles Moore,david.taylor414@business.net,+1-124-436-4751,+1-974-664-6833,Male,23-12-1997,'Partner','Divorce',Enterprise Solutions,Transportation,https://www.emily1.co,"Contact from Enterprise Solutions",inactive,Consultant
Jessica Martin,joseph.davis415@example.com,+1-464-254-3821,+1-219-577-6188,Female,14-9-1978,'Other','Single',Enterprise Solutions,Healthcare,https://www.lisa35.org,"Contact from Enterprise Solutions",inactive,Systems Administrator
Michael Taylor,jennifer.garcia628@business.net,+1-153-907-9961,+1-496-118-3543,Female,23-9-1996,'Friend','Single',Digital Ventures,Real Estate,https://www.amanda94.org,"Contact from Digital Ventures",inactive,Data Analyst
Joseph Williams,christopher.taylor28@business.net,+1-472-165-2977,+1-405-699-2107,Male,26-8-1997,'Client','Single',System Architects,Agriculture,https://www.william45.net,"Contact from System Architects",inactive,Software Engineer
Jessica Gonzalez,emily.smith404@email.com,+1-109-299-3926,+1-967-465-4916,Female,6-2-1984,'Client','Divorce',Digital Ventures,Telecommunications,https://www.jennifer56.com,"Contact from Digital Ventures",inactive,Developer
James Miller,christopher.martin156@email.com,+1-867-561-4557,+1-452-266-2833,Male,27-11-1969,'Vendor','Widowed',Acme Corp,Hospitality,https://www.sarah40.net,"Contact from Acme Corp",archived,Financial Analyst
Lisa Smith,jessica.thomas580@business.net,+1-658-491-8196,+1-962-447-5046,Female,20-7-2004,'Other','Divorce',System Architects,Manufacturing,https://www.michael1.org,"Contact from System Architects",archived,Consultant
Mary Johnson,joseph.johnson33@business.net,+1-827-974-7245,+1-938-291-4097,Female,25-5-1985,'Other','Single',Globex Inc,Construction,https://www.joseph41.com,"Contact from Globex Inc",inactive,Operations Manager
David Taylor,david.martin115@company.com,+1-358-435-1102,+1-611-492-1057,Female,26-8-1997,'Client','Single',Cloud Systems,Retail,https://www.linda93.co,"Contact from Cloud Systems",inactive,Developer
David Jones,james.smith564@email.com,+1-389-277-9248,+1-259-919-5551,Female,9-4-1996,'Partner','Married',NextGen Tech,Transportation,https://www.charles11.net,"Contact from NextGen Tech",archived,Operations Manager
Michael Williams,emily.brown985@business.net,+1-357-883-7657,+1-200-911-7612,Male,15-10-2003,'Client','Widowed',Digital Transform,Education,https://www.joseph89.net,"Contact from Digital Transform",active,Sales Executive
Mary Smith,william.wilson854@company.com,+1-669-835-8081,+1-500-393-6621,Male,10-10-2004,'Partner','Single',Globex Inc,Agriculture,https://www.michael64.net,"Contact from Globex Inc",archived,Data Analyst
Robert Smith,david.martin422@company.com,+1-560-320-9925,+1-683-802-6394,Male,14-1-1989,'Client','Single',Tech Innovations,Entertainment,https://www.charles84.com,"Contact from Tech Innovations",inactive,Developer
Robert Gonzalez,emily.moore531@mail.org,+1-961-564-4390,+1-323-802-4051,Female,12-11-1982,'Other','Widowed',Tech Leaders,Real Estate,https://www.richard95.com,"Contact from Tech Leaders",active,Operations Manager
David Jones,patricia.hernandez245@mail.org,+1-222-908-3719,+1-725-168-1875,Female,23-6-1968,'Friend','Widowed',Innovation Labs,Real Estate,https://www.joseph90.com,"Contact from Innovation Labs",inactive,Marketing Manager
Jane Davis,william.hernandez671@email.com,+1-513-808-9137,+1-195-373-2700,Male,22-4-2000,'Colleague','Divorce',Tech Solutions,Healthcare,https://www.emily64.org,"Contact from Tech Solutions",archived,Marketing Manager
Mary Gonzalez,amanda.davis708@example.com,+1-636-782-6697,+1-559-942-1162,Male,25-12-1983,'Partner','Divorce',Acme Corp,Finance,https://www.linda18.org,"Contact from Acme Corp",active,Financial Analyst
James Garcia,mary.rodriguez784@mail.org,+1-458-102-4049,+1-862-697-2926,Female,9-12-1979,'Friend','Single',Future Systems,Finance,https://www.mary42.com,"Contact from Future Systems",archived,Consultant
Charles Martinez,jennifer.garcia986@example.com,+1-778-927-2131,+1-369-792-2841,Female,13-3-1976,'Friend','Divorce',Innovation Labs,Transportation,https://www.linda60.net,"Contact from Innovation Labs",inactive,Marketing Manager
Joseph Miller,jane.smith841@email.com,+1-429-648-7758,+1-279-517-9038,Male,16-7-1980,'Colleague','Widowed',Acme Corp,Real Estate,https://www.jane58.co,"Contact from Acme Corp",active,Data Analyst
Robert Anderson,linda.moore848@email.com,+1-408-531-3339,+1-820-462-1449,Female,6-12-2003,'Partner','Single',Future Systems,Retail,https://www.lisa86.co,"Contact from Future Systems",archived,Software Engineer
Lisa Gonzalez,christopher.smith391@business.net,+1-686-978-3106,+1-233-203-1099,Female,10-8-1999,'Vendor','Divorce',Tech Innovations,Entertainment,https://www.james77.net,"Contact from Tech Innovations",active,Developer
Joseph Taylor,lisa.johnson77@company.com,+1-655-448-9204,+1-195-753-8468,Male,14-7-1973,'Partner','Widowed',Tech Solutions,Finance,https://www.john83.io,"Contact from Tech Solutions",inactive,Marketing Manager
William Jackson,patricia.williams803@email.com,+1-918-172-2311,+1-903-745-7665,Male,23-5-1974,'Other','Divorce',Enterprise Solutions,Healthcare,https://www.patricia68.io,"Contact from Enterprise Solutions",inactive,Consultant
Christopher Moore,james.williams260@example.com,+1-236-987-4894,+1-400-604-3270,Male,17-12-2004,'Vendor','Divorce',Enterprise Solutions,Manufacturing,https://www.david29.net,"Contact from Enterprise Solutions",archived,Systems Administrator
James Martinez,emily.rodriguez631@email.com,+1-417-835-7987,+1-168-234-4257,Male,16-9-1978,'Vendor','Divorce',Tech Innovations,Energy,https://www.richard36.co,"Contact from Tech Innovations",active,Developer
Mary Davis,linda.gonzalez102@business.net,+1-507-934-2380,+1-148-206-6254,Male,20-7-1991,'Colleague','Married',Smart Industries,Agriculture,https://www.charles61.io,"Contact from Smart Industries",active,Operations Manager
James Brown,patricia.rodriguez922@company.com,+1-179-660-4841,+1-482-229-5441,Female,5-12-2004,'Partner','Single',Digital Ventures,Energy,https://www.william79.co,"Contact from Digital Ventures",archived,Systems Administrator
William Davis,robert.moore650@business.net,+1-950-508-7454,+1-444-220-6275,Male,26-7-1975,'Partner','Widowed',Tech Solutions,Transportation,https://www.christopher9.com,"Contact from Tech Solutions",active,Sales Executive
Amanda Hernandez,william.thomas93@company.com,+1-624-512-6875,+1-182-806-9789,Male,25-4-1986,'Partner','Widowed',Cloud Systems,Healthcare,https://www.joseph87.io,"Contact from Cloud Systems",inactive,Project Manager
